Date,Temperature
01-01-2010,27.483570765056164
02-01-2010,24.308678494144075
03-01-2010,28.23844269050346
04-01-2010,32.61514928204013
05-01-2010,23.829233126383322
06-01-2010,23.82931522
07-01-2010,32.896064077536955
08-01-2010,28.837173645764544
09-01-2010,22.65262807032524
10-01-2010,27.712800217929825
11-01-2010,22.682911535937688
12-01-2010,22.671351232148716
13-01-2010,26.20981135783017
14-01-2010,15.43359877671101
15-01-2010,16.375410837434835
16-01-2010,22.188562353795135
17-01-2010,19.93584439832788
18-01-2010,26.571236662976368
19-01-2010,20.459879622393945
20-01-2010,17.938481493323543
21-01-2010,32.32824384460777
22-01-2010,23.871118497567323
23-01-2010,25.33764102343962
24-01-2010,17.87625906893272
25-01-2010,22.278086377374088
26-01-2010,25.55461294854933
27-01-2010,19.245032112888488
28-01-2010,26.87849009172836
29-01-2010,21.996806550405974
30-01-2010,23.541531251033618
31-01-2010,21.991466938853016
01-02-2010,34.26139092254469
02-02-2010,24.93251387631033
03-02-2010,19.711445355220498
04-02-2010,29.112724560515943
05-02-2010,18.895781750144888
06-02-2010,26.044317975023777
07-02-2010,15.201649380601122
08-02-2010,18.359069755507846
09-02-2010,25.984306179345616
10-02-2010,28.692332899977053
11-02-2010,25.85684140594985
12-02-2010,24.421758588058797
13-02-2010,23.494481522053555
14-02-2010,17.607390048162863
15-02-2010,21.400778958026457
16-02-2010,22.696806145201062
17-02-2010,30.285611131094576
18-02-2010,26.71809144784231
19-02-2010,16.18479922318633
20-02-2010,26.620419846973974
21-02-2010,23.074588597918417
22-02-2010,21.615389998470206
23-02-2010,28.05838144420434
24-02-2010,30.154997612479754
25-02-2010,29.656400595580994
26-02-2010,20.803912383886807
27-02-2010,23.453938120743928
28-02-2010,26.65631715701782
01-03-2010,29.877725635611796
02-03-2010,22.60412881077355
03-03-2010,24.071705116680914
04-03-2010,19.46832512996986
05-03-2010,19.018966879596647
06-03-2010,29.062629111970992
07-03-2010,31.781200142854114
08-03-2010,24.63994939209833
09-03-2010,30.01766448946012
10-03-2010,26.80818012523817
11-03-2010,21.77440122697438
12-03-2010,26.80697802754207
13-03-2010,32.690182832329846
14-03-2010,24.820869804450243
15-03-2010,32.82321827907003
16-03-2010,11.901274479551278
17-03-2010,29.10951252187612
18-03-2010,25.435235341190857
19-03-2010,23.504963247670663
20-03-2010,25.45880388267751
21-03-2010,15.062155426995536
22-03-2010,23.90164056081244
23-03-2010,26.78556285755873
24-03-2010,32.38947022370758
25-03-2010,22.40864890863176
26-03-2010,20.95753198553406
27-03-2010,22.491214782077318
28-03-2010,29.57701058851037
29-03-2010,26.643755548298422
30-03-2010,22.351198981164806
31-03-2010,27.56633716556678
01-04-2010,25.48538775
02-04-2010,29.843224952664446
03-04-2010,21.489734530613237
04-04-2010,23.361689267011158
05-04-2010,23.039459234339212
06-04-2010,17.682425259339407
07-04-2010,26.48060138532288
08-04-2010,26.305276360899448
09-04-2010,25.025567283212304
10-04-2010,23.827064333124266
11-04-2010,17.92314628974793
12-04-2010,22.896773386173205
13-04-2010,23.286427417366152
14-04-2010,20.988613653891903
15-04-2010,24.193571441669953
16-04-2010,27.020254284072692
17-04-2010,34.43092950605265
18-04-2010,25.872889064159196
19-04-2010,26.28775195361382
20-04-2010,24.627770421169163
21-04-2010,15.406143923504793
22-04-2010,24.867430622753915
23-04-2010,25.301151049705133
24-04-2010,37.316210562426434
25-04-2010,24.038195176094387
26-04-2010,26.507736711668063
27-04-2010,24.826441151473784
28-04-2010,19.15660981190234
29-04-2010,30.714114072575104
30-04-2010,28.759665163433873
01-05-2010,28.955159735215233
02-05-2010,20.453062726026303
03-05-2010,32.013971554680495
04-05-2010,17.990744686038596
05-05-2010,27.934285469001352
06-05-2010,35.952278129049894
07-05-2010,20.04731837434656
08-05-2010,22.16851135198614
09-05-2010,25.498256825438204
10-05-2010,22.482621729419005
11-05-2010,17.246682844669337
12-05-2010,25.342814874030136
13-05-2010,19.688481431369475
14-05-2010,27.36796215317591
15-05-2010,20.402878828830985
16-05-2010,32.74967203
17-05-2010,21.083733538318814
18-05-2010,23.38969241897162
19-05-2010,29.067586086848348
20-05-2010,18.845678417830225
21-05-2010,26.137299673020646
22-05-2010,31.53571377141214
23-05-2010,16.96258382719386
24-05-2010,25.92316929266152
25-05-2010,26.299413971242117
26-05-2010,28.90911435888655
27-05-2010,18.81524644560959
28-05-2010,18.397716934578618
29-05-2010,27.60970782808449
30-05-2010,26.48492336616593
31-05-2010,26.252464251729382
01-06-2010,26.732241047484877
02-06-2010,21.599876392107547
03-06-2010,26.161268485805017
04-06-2010,26.465362366493405
05-06-2010,21.42824290986816
06-06-2010,34.328872555723784
07-06-2010,27.36916460455894
08-06-2010,19.043482513986756
09-06-2010,28.28276804316915
10-06-2010,20.126591648863393
11-06-2010,28.93542301871226
12-06-2010,30.79297789503702
13-06-2010,20.89658840824145
14-06-2010,29.81688064622161
15-06-2010,27.06390463468249
16-06-2010,29.11030079997245
17-06-2010,34.48396491326974
18-06-2010,23.773059419985646
19-06-2010,21.23131917821255
20-06-2010,20.552427851872384
21-06-2010,20.920948575172808
22-06-2010,24.614491452929478
23-06-2010,26.70575987408322
24-06-2010,26.383453996650097
25-06-2010,29.13591624518012
26-06-2010,25.065009459389536
27-06-2010,32.26767038578659
28-06-2010,23.67671583381022
29-06-2010,38.600845832948096
30-06-2010,28.12833673882503
01-07-2010,20.714212217918586
02-07-2010,19.64553750969444
03-07-2010,27.412362076215928
04-07-2010,23.882686073370746
05-07-2010,28.57000247046046
06-07-2010,27.366188122867726
07-07-2010,24.635855436715637
08-07-2010,20.766031409657977
09-07-2010,17.425763876570677
10-07-2010,22.767425239664895
11-07-2010,29.28199397161736
12-07-2010,26.07046872065102
13-07-2010,18.771306106440058
14-07-2010,25.86590462925591
15-07-2010,26.926586898644185
16-07-2010,20.580712818994336
17-07-2010,25.76862552972764
18-07-2010,25.29104359
19-07-2010,19.285148510846884
20-07-2010,26.788936801741418
21-07-2010,27.80392263184117
22-07-2010,30.415256215876383
23-07-2010,30.269010260174515
24-07-2010,18.111653160214544
25-07-2010,20.310874800424386
26-07-2010,27.57517634
27-07-2010,27.568929754561044
28-07-2010,27.575238431530238
29-07-2010,44.26365745327361
30-07-2010,27.854452553465833
31-07-2010,30.677828200902994
01-08-2010,29.770008817466014
02-08-2010,28.25695625652899
03-08-2010,23.42365377679827
04-08-2010,28.794846102466337
05-08-2010,21.13587392731214
06-08-2010,23.815906966299956
07-08-2010,22.573182260854484
08-08-2010,25.409370696931614
09-08-2010,36.573292833367546
10-08-2010,15.66367403704126
11-08-2010,28.43130095187257
12-08-2010,16.936420644051744
13-08-2010,22.640340671052833
14-08-2010,30.444752984836832
15-08-2010,25.321400095477316
16-08-2010,19.61127611035347
17-08-2010,21.42348145370016
18-08-2010,28.39798874467338
19-08-2010,21.34816684141432
20-08-2010,26.082292947909874
21-08-2010,25.22785919951907
22-08-2010,21.741998261970913
23-08-2010,35.719720446626624
24-08-2010,28.169595111590056
25-08-2010,14.874287066711965
26-08-2010,25.93227157384714
27-08-2010,21.69106767615806
28-08-2010,29.26216667398112
29-08-2010,21.037396307836495
30-08-2010,24.426317792665504
31-08-2010,27.524936394902287
01-09-2010,29.328775970850607
02-09-2010,18.998517964721117
03-09-2010,23.327493820795258
04-09-2010,22.62527344419522
05-09-2010,21.73335383713144
06-09-2010,33.82727120140548
07-09-2010,27.024908554804778
08-09-2010,18.695580228324772
09-09-2010,29.58930973527388
10-09-2010,35.610780985063165
11-09-2010,30.162326302755734
12-09-2010,17.403150170229935
13-09-2010,22.578829635668743
14-09-2010,31.334555745933113
15-09-2010,21.461652671906094
16-09-2010,27.219097140731144
17-09-2010,28.873170267146683
18-09-2010,20.365347642109583
19-09-2010,24.70237322
20-09-2010,8.793663299654636
21-09-2010,19.878061793328552
22-09-2010,23.73715924
23-09-2010,18.761084090175753
24-09-2010,33.16205651965818
25-09-2010,17.849293110196836
26-09-2010,22.799777566515083
27-09-2010,25.653702886430455
28-09-2010,32.20636644533058
29-09-2010,17.82068924
30-09-2010,30.815818760774796
01-10-2010,25.051165305097935
02-10-2010,20.092456744760245
03-10-2010,27.310517371316354
04-10-2010,25.99529847786735
05-10-2010,21.998915614206027
06-10-2010,25.349010424950094
07-10-2010,23.07343202
08-10-2010,25.56758672625624
09-10-2010,28.310653372605234
10-10-2010,32.93008408072676
11-10-2010,18.810922505865754
12-10-2010,35.665166873281336
13-10-2010,15.239561002387491
14-10-2010,24.241074524822082
15-10-2010,27.941586032422883
16-10-2010,26.404959338675162
17-10-2010,21.88650240089703
18-10-2010,23.959388748213623
19-10-2010,22.534995326705836
20-10-2010,22.053176215278942
21-10-2010,29.248010485105123
22-10-2010,26.785077429825236
23-10-2010,21.535452023696728
24-10-2010,29.497999377166252
25-10-2010,26.536497604383047
26-10-2010,29.06431059
27-10-2010,28.14814420961806
28-10-2010,20.855024945389637
29-10-2010,22.199094799015153
30-10-2010,28.736468025616308
31-10-2010,28.051851327167324
01-11-2010,24.89549203017926
02-11-2010,25.58663691654391
03-11-2010,31.388324478942124
04-11-2010,22.04214305582085
05-11-2010,27.735486905850188
06-11-2010,23.98903673783053
07-11-2010,23.91159398
08-11-2010,30.49388425993595
09-11-2010,29.12708174494015
10-11-2010,29.067548180003193
11-11-2010,31.527394035771646
12-11-2010,25.105019208163796
13-11-2010,28.40976485647482
14-11-2010,23.44866621703272
15-11-2010,26.62083176244221
16-11-2010,24.349284728161578
17-11-2010,25.48497982496359
18-11-2010,27.97578512718457
19-11-2010,20.908896583832636
20-11-2010,35.46193638
21-11-2010,19.96991309250149
22-11-2010,18.92905693606134
23-11-2010,30.790554367500338
24-11-2010,28.95831346981468
25-11-2010,28.120599085260775
26-11-2010,28.14172755
27-11-2010,24.938766135765427
28-11-2010,20.51372814257084
29-11-2010,25.37902279096863
30-11-2010,21.61419144243944
01-12-2010,29.875598667088756
02-12-2010,24.264713092489306
03-12-2010,20.872514016037442
04-12-2010,23.393070791735035
05-12-2010,27.06465727137812
06-12-2010,22.181377235980126
07-12-2010,20.888898022167844
08-12-2010,26.218436057459563
09-12-2010,26.224832855543614
10-12-2010,22.46528412314435
11-12-2010,22.644808471908387
12-12-2010,26.16024968678818
13-12-2010,17.75957829251338
14-12-2010,17.962681128117225
15-12-2010,21.40777889373782
16-12-2010,23.932764241440765
17-12-2010,26.554537827990025
18-12-2010,32.37678108474776
19-12-2010,29.288298116010097
20-12-2010,24.200307350182864
21-12-2010,24.904918960486555
22-12-2010,19.987353176810956
23-12-2010,24.90743432003805
24-12-2010,23.55670680539931
25-12-2010,26.613592801690448
26-12-2010,20.863845282238387
27-12-2010,27.596732571205862
28-12-2010,32.66369456501289
29-12-2010,24.456199257715713
30-12-2010,27.008558610494706
31-12-2010,28.450719958555563
01-01-2011,22.993897640570818
02-01-2011,26.120462409052084
03-01-2011,25.062962003908975
04-01-2011,25.48838049274416
05-01-2011,21.13495108072267
06-01-2011,25.122550871294713
07-01-2011,27.489991456227248
08-01-2011,32.25571803897521
09-01-2011,29.796354130426035
10-01-2011,35.76591228755778
11-01-2011,21.163262185559752
12-01-2011,29.361603183603393
13-01-2011,25.91671002869176
14-01-2011,35.94901466608836
15-01-2011,20.958508573224243
16-01-2011,20.801390789096118
17-01-2011,22.00303677277989
18-01-2011,14.380521378450965
19-01-2011,22.371224891596196
20-01-2011,21.20433669223151
21-01-2011,25.75196893238104
22-01-2011,26.708779878885796
23-01-2011,34.38085419607943
24-01-2011,29.75211919093025
25-01-2011,22.115481721687985
26-01-2011,20.50792664325821
27-01-2011,27.459595857532527
28-01-2011,18.398833964896788
29-01-2011,34.157293829271765
30-01-2011,30.897200603606436
31-01-2011,22.654121739476476
01-02-2011,16.434327354545612
02-02-2011,31.769361870827062
03-02-2011,24.42730077373691
04-02-2011,31.189081559867308
05-02-2011,17.027861706028165
06-02-2011,22.003124885231134
07-02-2011,25.026218498590914
08-02-2011,25.23490296882371
09-02-2011,22.74967264260378
10-02-2011,28.114249661737492
11-02-2011,19.661897853087027
12-02-2011,24.288102574893532
13-02-2011,25.601478158559495
14-02-2011,27.572194170293745
15-02-2011,28.55807439044445
16-02-2011,19.376789540810655
17-02-2011,17.32942914632189
18-02-2011,31.388384109492545
19-02-2011,26.661570059897958
20-02-2011,21.25756731721723
21-02-2011,32.75575987761262
22-02-2011,25.578373171464293
23-02-2011,30.896485920319133
24-02-2011,25.337592407050543
25-02-2011,35.303739624409936
26-02-2011,33.77670421221602
27-02-2011,23.75517925760463
28-02-2011,29.85785475477178
01-03-2011,28.226879747925736
02-03-2011,31.843157787661745
03-03-2011,20.17538269709948
04-03-2011,28.430257299992196
05-03-2011,30.29212243424794
06-03-2011,16.20630256788443
07-03-2011,19.083707436671126
08-03-2011,14.803839111199498
09-03-2011,23.652965827777212
10-03-2011,28.58771127897981
11-03-2011,32.51178526048014
12-03-2011,25.370473902098876
13-03-2011,33.14307772785646
14-03-2011,18.099492708925542
15-03-2011,16.483087803224226
16-03-2011,24.722261505516904
17-03-2011,26.920327244696537
18-03-2011,24.836526259529535
19-03-2011,14.662789499800617
20-03-2011,24.55439980243606
21-03-2011,18.477652497475734
22-03-2011,28.348362744150194
23-03-2011,26.83299123048424
24-03-2011,20.300601068363225
25-03-2011,22.430665413316532
26-03-2011,19.70393239055524
27-03-2011,24.68660451363414
28-03-2011,29.775711602506192
29-03-2011,20.07136976832228
30-03-2011,27.520232577589223
31-03-2011,22.348711908137794
01-04-2011,21.03563583868828
02-04-2011,24.464848200227213
03-04-2011,19.82378838790313
04-04-2011,22.23175347326409
05-04-2011,19.010610537055758
06-04-2011,34.82362566458195
07-04-2011,25.176317759858645
08-04-2011,21.50137246003707
09-04-2011,26.06989955367111
10-04-2011,24.43835975154585
11-04-2011,23.895152002333884
12-04-2011,28.070833500217127
13-04-2011,28.787538550236526
14-04-2011,22.34749426194736
15-04-2011,22.1209088
16-04-2011,23.62474151424178
17-04-2011,13.490394176322075
18-04-2011,17.42404468900724
19-04-2011,31.834371337222624
20-04-2011,33.22483856750642
21-04-2011,23.75481980221811
22-04-2011,27.882784815278832
23-04-2011,26.556250772717682
24-04-2011,40.39440404227619
25-04-2011,30.597874557172883
26-04-2011,24.360412042596167
27-04-2011,20.22229779699787
28-04-2011,16.96776839871214
29-04-2011,26.017318179336115
30-04-2011,21.218246273578483
01-05-2011,17.88873145201163
02-05-2011,21.767135578787368
03-05-2011,19.592259981928024
04-05-2011,33.43570817536282
05-05-2011,29.408198784747253
06-05-2011,24.960136793416915
07-05-2011,32.39972069445013
08-05-2011,25.38684153823809
09-05-2011,20.69357899335868
10-05-2011,32.61562038634828
11-05-2011,27.694550218423295
12-05-2011,19.81376922836772
13-05-2011,24.04830660958196
14-05-2011,20.621908733076214
15-05-2011,18.086001345178317
16-05-2011,29.630887737658206
17-05-2011,34.54708320235065
18-05-2011,18.007162130904295
19-05-2011,27.814846183452854
20-05-2011,21.746787154390866
21-05-2011,22.56437308117652
22-05-2011,22.038030378805654
23-05-2011,20.68004615160092
24-05-2011,25.242608139724133
25-05-2011,20.84524941794481
26-05-2011,26.352284128899193
27-05-2011,24.748809452754315
28-05-2011,23.80525976566795
29-05-2011,20.46218168979201
30-05-2011,22.116143347158335
31-05-2011,28.77695612912878
01-06-2011,27.504585938121902
02-06-2011,20.112223776007244
03-06-2011,25.49666152714613
04-06-2011,28.756935616858947
05-06-2011,16.652973594393142
06-06-2011,27.716800961899676
07-06-2011,21.686881205270765
08-06-2011,27.852993342965796
09-06-2011,21.183704217287417
10-06-2011,15.975589496677404
11-06-2011,16.862287810584185
12-06-2011,25.24042473330691
13-06-2011,26.29861250860741
14-06-2011,20.478416874477958
15-06-2011,28.19296229388687
16-06-2011,16.69239969
17-06-2011,24.66960100676342
18-06-2011,18.944919001187717
19-06-2011,21.740819460989204
20-06-2011,25.23699335658207
21-06-2011,20.69793317358024
22-06-2011,23.077222278850872
23-06-2011,30.03146405
24-06-2011,22.115540652384254
25-06-2011,29.17846056032571
26-06-2011,19.351465726711908
27-06-2011,27.649020889576413
28-06-2011,32.207843103289505
29-06-2011,12.641777499363553
30-06-2011,21.015523722647615
01-07-2011,27.88536064
02-07-2011,23.984773069785035
03-07-2011,26.855729366856544
04-07-2011,21.980074066420897
05-07-2011,25.43294894
06-07-2011,24.221613823039604
07-07-2011,30.838910308299035
08-07-2011,26.272104216506065
09-07-2011,26.68801331037601
10-07-2011,22.940615169387662
11-07-2011,22.561968879637533
12-07-2011,22.837209060901895
13-07-2011,26.972260711891483
14-07-2011,22.895077595898684
15-07-2011,26.448874284482066
16-07-2011,35.37700399322719
17-07-2011,29.355623517158463
18-07-2011,23.369882339160796
19-07-2011,31.006069610819722
20-07-2011,22.959623134892244
21-07-2011,14.80937732411073
22-07-2011,19.95956844541298
23-07-2011,15.646040394870722
24-07-2011,23.24243257979346
25-07-2011,25.092091895947757
26-07-2011,33.382186561376415
27-07-2011,26.634636868820813
28-07-2011,23.90449735595568
29-07-2011,29.147027905917447
30-07-2011,13.944323454960575
31-07-2011,26.178072790542828
01-08-2011,28.854325969434832
02-08-2011,17.607068771100792
03-08-2011,30.718770216034645
04-08-2011,26.69248203747207
05-08-2011,22.923560430495993
06-08-2011,28.163909330531425
07-08-2011,36.35346428902198
08-08-2011,25.909331275292477
09-08-2011,26.24110293150168
10-08-2011,22.70319550229878
11-08-2011,20.75077815267604
12-08-2011,29.151679082721227
13-08-2011,20.719580870455665
14-08-2011,25.357831186096963
15-08-2011,22.611712766174417
16-08-2011,27.39489912873196
17-08-2011,26.66831052643474
18-08-2011,30.187699721289498
19-08-2011,22.449918005726264
20-08-2011,23.650625323533145
21-08-2011,20.106181421088465
22-08-2011,22.77853369961944
23-08-2011,26.88650246522426
24-08-2011,28.78494308322676
25-08-2011,20.389173379111874
26-08-2011,29.3480296
27-08-2011,31.778189294024756
28-08-2011,27.067174516118506
29-08-2011,34.38397906279033
30-08-2011,21.131054004482134
31-08-2011,18.776726483442914
01-09-2011,16.106398755478608
02-09-2011,32.480221557445915
03-09-2011,28.27182828177029
04-09-2011,24.722076645447725
05-09-2011,26.399843131599102
06-09-2011,19.372554763508116
07-09-2011,37.228759898084135
08-09-2011,25.646105909876137
09-09-2011,25.546973973024464
10-09-2011,28.62883311949346
11-09-2011,27.405046158683568
12-09-2011,26.119420121395656
13-09-2011,21.04762772277344
14-09-2011,27.357341785679978
15-09-2011,34.41012248237517
16-09-2011,31.727100230774887
17-09-2011,32.965933133196984
18-09-2011,22.443921617844076
19-09-2011,20.051975898707095
20-09-2011,24.37106539950176
21-09-2011,25.278624561443472
22-09-2011,30.470957592354743
23-09-2011,16.537676851425903
24-09-2011,32.64775159730307
25-09-2011,24.209960507105052
26-09-2011,22.86559465
27-09-2011,19.93947812369916
28-09-2011,16.725716640671152
29-09-2011,29.115852919809573
30-09-2011,25.36658983594202
01-10-2011,18.55019550129473
02-10-2011,18.52460613968192
03-10-2011,23.32107650354936
04-10-2011,33.34510762644696
05-10-2011,23.702043243181976
06-10-2011,17.48428523440947
07-10-2011,23.77128467957028
08-10-2011,23.636382151261646
09-10-2011,11.515566785292142
10-10-2011,24.72852566741094
11-10-2011,23.84532734895661
12-10-2011,28.48103182406709
13-10-2011,34.244780474726724
14-10-2011,30.632825147738785
15-10-2011,23.655556547225846
16-10-2011,19.467370456291647
17-10-2011,37.86679902
18-10-2011,25.29609217007244
19-10-2011,25.06964645956473
20-10-2011,24.879374564449982
21-10-2011,25.990423803839274
22-10-2011,24.278197940380288
23-10-2011,22.131689965598817
24-10-2011,22.26570529379804
25-10-2011,24.836233648920008
26-10-2011,22.282876144331176
27-10-2011,21.435771086614178
28-10-2011,25.532151138459483
29-10-2011,23.725113912895722
30-10-2011,32.51996494291345
31-10-2011,11.745150958034941
01-11-2011,30.45753425961231
02-11-2011,31.230425962488145
03-11-2011,14.633048837959253
04-11-2011,23.286562029598258
05-11-2011,23.142795670021044
06-11-2011,17.962441526410892
07-11-2011,21.110916562045624
08-11-2011,19.447120772670857
09-11-2011,33.761352217118116
10-11-2011,29.678391965737305
11-11-2011,31.357775474970794
12-11-2011,28.608360320216175
13-11-2011,19.354741143913856
14-11-2011,22.37739866860113
15-11-2011,27.44687280613959
16-11-2011,18.889360955540273
17-11-2011,28.56499215086194
18-11-2011,23.798373009209325
19-11-2011,23.125895962252013
20-11-2011,28.554799841017456
21-11-2011,27.22131656
22-11-2011,23.19516917
23-11-2011,30.79664901682124
24-11-2011,19.594683362000513
25-11-2011,28.07967803472132
26-11-2011,27.96550628984192
27-11-2011,23.452267803430047
28-11-2011,26.63066511121059
29-11-2011,18.744432118073483
30-11-2011,29.620135096034506
01-12-2011,24.075489317785056
02-12-2011,22.386384897404803
03-12-2011,30.245046129184445
04-12-2011,21.478281547286205
05-12-2011,17.957693518182204
06-12-2011,17.216854132380483
07-12-2011,28.030049756728197
08-12-2011,18.597853237518585
09-12-2011,33.77397090992182
10-12-2011,14.59035296058139
11-12-2011,33.48228184145019
12-12-2011,26.05508733601309
13-12-2011,24.516434440648037
14-12-2011,22.275404565955252
15-12-2011,26.995680571760353
16-12-2011,24.81182648787576
17-12-2011,30.516509410082605
18-12-2011,25.571138243310198
19-12-2011,25.75150880730939
20-12-2011,23.18193893893072
21-12-2011,24.715271881394663
22-12-2011,26.539008844460295
23-12-2011,16.449158036716874
24-12-2011,18.259072889471433
25-12-2011,28.716320470113576
26-12-2011,25.854327190639708
27-12-2011,24.080083318236603
28-12-2011,25.092169665326967
29-12-2011,26.737908526808354
30-12-2011,22.301201598453193
31-12-2011,21.108476372988438
01-01-2012,25.979226275488408
02-01-2012,20.10813611192484
03-01-2012,27.041263778572358
04-01-2012,16.48708198
05-01-2012,30.14577818662822
06-01-2012,27.362987412065216
07-01-2012,26.28014867156938
08-01-2012,29.91345491972757
09-01-2012,33.32737222231288
10-01-2012,30.07185032509065
11-01-2012,15.795628843341774
12-01-2012,18.602115166321493
13-01-2012,21.875907111521606
14-01-2012,25.13045525105417
15-01-2012,27.588295102345615
16-01-2012,21.371280934232672
17-01-2012,25.93383382238539
18-01-2012,21.22308533823339
19-01-2012,21.942410985040258
20-01-2012,17.96669451575889
21-01-2012,20.38383376944548
22-01-2012,18.24157697191833
23-01-2012,20.120633735113337
24-01-2012,30.268208983039198
25-01-2012,20.253005555840286
26-01-2012,38.161910324186955
27-01-2012,27.466589504404446
28-01-2012,25.92418061847437
29-01-2012,20.708211099093933
30-01-2012,28.501549397044958
31-01-2012,22.12181086881113
01-02-2012,25.610049073226808
02-02-2012,37.800422691343975
03-02-2012,24.51970050137675
04-02-2012,30.74636663142838
05-02-2012,21.48411787437056
06-02-2012,24.82505754751519
07-02-2012,33.85400317817755
08-02-2012,21.865164711061162
09-02-2012,34.062242789984644
10-02-2012,28.538759677277376
11-02-2012,22.18766612052866
12-02-2012,28.162038695277605
13-02-2012,29.86277224813365
14-02-2012,28.10904981108598
15-02-2012,17.148876400547717
16-02-2012,21.364314120875658
17-02-2012,23.762406822242475
18-02-2012,24.62783285449977
19-02-2012,28.103360487753392
20-02-2012,25.888505004666268
21-02-2012,18.323278206449494
22-02-2012,26.900989255029817
23-02-2012,28.052928726419115
24-02-2012,27.79895224
25-02-2012,30.403903627773108
26-02-2012,29.16961077274452
27-02-2012,27.295900396142184
28-02-2012,24.649171442706766
29-02-2012,16.69519533242004
01-03-2012,27.148091095662927
02-03-2012,26.038438435815557
03-03-2012,26.357894185976868
04-03-2012,18.616257120898453
05-03-2012,19.594717297958688
06-03-2012,30.26576426666452
07-03-2012,24.802224230716725
08-03-2012,28.40750348686312
09-03-2012,25.141591880652307
10-03-2012,25.148780697478728
11-03-2012,29.691419029879988
12-03-2012,22.41977635891313
13-03-2012,25.480603884704916
14-03-2012,22.688623556474788
15-03-2012,22.82751886283842
16-03-2012,23.454139382656802
17-03-2012,26.110668858168566
18-03-2012,22.606256891682612
19-03-2012,31.278780627867604
20-03-2012,20.52696348890248
21-03-2012,24.065641779193204
22-03-2012,22.801344708629124
23-03-2012,32.23488942176866
24-03-2012,25.982773882557872
25-03-2012,30.159222697343175
26-03-2012,17.57219813481514
27-03-2012,26.335251329346296
28-03-2012,29.448153978117183
29-03-2012,25.41141994637712
30-03-2012,30.327401875326757
31-03-2012,22.41355774949814
01-04-2012,32.0467372
02-04-2012,36.49449061809625
03-04-2012,23.185807197801704
04-04-2012,22.77248739299614
05-04-2012,32.26692239
06-04-2012,32.89786072865356
07-04-2012,22.385699864233658
08-04-2012,22.899065914520712
09-04-2012,23.591076955697464
10-04-2012,18.277747444828613
11-04-2012,20.40674026757901
12-04-2012,19.97929616623966
13-04-2012,21.161012174479357
14-04-2012,24.826575563066093
15-04-2012,26.171073662682602
16-04-2012,32.75250246407038
17-04-2012,20.008229796306047
18-04-2012,29.921611992382918
19-04-2012,23.930055778872454
20-04-2012,24.752681451737836
21-04-2012,28.37409746083302
22-04-2012,19.386389892188507
23-04-2012,26.912048730920255
24-04-2012,25.83226104106528
25-04-2012,27.462256320040744
26-04-2012,26.44584321953909
27-04-2012,37.276500699554475
28-04-2012,21.81130007874342
29-04-2012,22.345015224990913
30-04-2012,21.88429736787618
01-05-2012,22.222614404198726
02-05-2012,21.81306436346741
03-05-2012,30.94508265553776
04-05-2012,32.102521239949276
05-05-2012,22.14626853125262
06-05-2012,20.838222134478855
07-05-2012,27.35707778193202
08-05-2012,22.238884778595143
09-05-2012,28.164659088777555
10-05-2012,26.0146151
11-05-2012,17.42127942501384
12-05-2012,32.737526006650306
13-05-2012,33.97938836547761
14-05-2012,21.93605654757807
15-05-2012,23.061492200320078
16-05-2012,26.429326953624525
17-05-2012,26.672283949935125
18-05-2012,28.29272136336415
19-05-2012,35.05102269383175
20-05-2012,24.11526386252975
21-05-2012,21.00851377730773
22-05-2012,18.103403859927365
23-05-2012,21.345349800290403
24-05-2012,24.834365135631014
25-05-2012,33.97278931758894
26-05-2012,22.411943504819142
27-05-2012,26.118939758194493
28-05-2012,24.91788551963624
29-05-2012,30.94196636724042
30-05-2012,37.63466212936811
31-05-2012,22.345656135398396
01-06-2012,22.55280278740889
02-06-2012,30.22080438534536
03-06-2012,28.40945744813156
04-06-2012,34.23353662868017
05-06-2012,27.919640926629818
06-06-2012,23.203539546064704
07-06-2012,27.953274153461546
08-06-2012,30.543517902914537
09-06-2012,29.102410905986822
10-06-2012,27.53637015553649
11-06-2012,30.333373447945768
12-06-2012,30.846477952228362
13-06-2012,31.910794955187637
14-06-2012,28.243549437948214
15-06-2012,24.164409598415727
16-06-2012,25.733568432166614
17-06-2012,31.032544832541785
18-06-2012,20.91532164506382
19-06-2012,26.843366544364507
20-06-2012,23.033305938363196
21-06-2012,25.143724114674086
22-06-2012,31.392259313036494
23-06-2012,25.955495340099517
24-06-2012,25.232182740780743
25-06-2012,18.200719295100406
26-06-2012,28.731267830136105
27-06-2012,28.227420905705376
28-06-2012,35.81627362
29-06-2012,23.461108825234994
30-06-2012,26.095751638319694
01-07-2012,26.246918418553776
02-07-2012,32.887266398817374
03-07-2012,24.523522338065238
04-07-2012,26.395107628851697
05-07-2012,28.039482548582697
06-07-2012,25.93304561578179
07-07-2012,22.767831927247357
08-07-2012,25.97044996449154
09-07-2012,30.36815874929886
10-07-2012,19.8674235
11-07-2012,25.66484837073438
12-07-2012,21.499395925304135
13-07-2012,30.975233144624212
14-07-2012,17.384065476081126
15-07-2012,22.205390763642058
16-07-2012,26.886059375322603
17-07-2012,32.827620146171704
18-07-2012,24.67124869463506
19-07-2012,22.22400236653401
20-07-2012,34.40578534720295
21-07-2012,17.75993049791878
22-07-2012,14.005970216899591
23-07-2012,27.20007225026666
24-07-2012,22.489728878236946
25-07-2012,19.893835914346433
26-07-2012,28.541782236496765
27-07-2012,26.219003568855996
28-07-2012,22.179606846316357
29-07-2012,18.59847800664553
30-07-2012,29.362286641400722
31-07-2012,28.251005889793305
01-08-2012,24.504120681103085
02-08-2012,34.23318498023833
03-08-2012,19.649576168369236
04-08-2012,17.372374145376305
05-08-2012,21.540459650593778
06-08-2012,24.77206991822251
07-08-2012,26.21669724661346
08-08-2012,23.79381971071835
09-08-2012,26.760276982571483
10-08-2012,18.74230287904778
11-08-2012,32.21882302
12-08-2012,24.589244108037157
13-08-2012,30.586479157940637
14-08-2012,26.71362673188852
15-08-2012,27.283766095768918
16-08-2012,27.84883640116102
17-08-2012,27.238542800086574
18-08-2012,28.21361379933772
19-08-2012,31.645762650662157
20-08-2012,25.98260584850735
21-08-2012,28.54501878794256
22-08-2012,24.551321528563868
23-08-2012,32.200586077247365
24-08-2012,21.61803848970365
25-08-2012,34.004702164554075
26-08-2012,24.799210246778284
27-08-2012,17.84612448940976
28-08-2012,25.640522074553946
29-08-2012,21.594741712625595
30-08-2012,29.203217744943622
31-08-2012,21.736880103488044
01-09-2012,22.769082833926102
02-09-2012,15.552296345272346
03-09-2012,22.738468403754617
04-09-2012,12.880603366855217
05-09-2012,17.080485882571384
06-09-2012,28.802073280721487
07-09-2012,28.92900079325416
08-09-2012,27.127287808924823
09-09-2012,20.165119284353935
10-09-2012,24.76144322
11-09-2012,24.981987304547157
12-09-2012,19.208176554037287
13-09-2012,32.51699150883575
14-09-2012,29.386811452878355
15-09-2012,23.89517913085168
16-09-2012,25.134429194972654
17-09-2012,26.04191403973776
18-09-2012,14.791325657878547
19-09-2012,23.764113087397014
20-09-2012,21.590078760011007
21-09-2012,19.991899950525422
22-09-2012,23.594498535570224
23-09-2012,33.988432634247616
24-09-2012,28.20421430633505
25-09-2012,22.144105051086015
26-09-2012,27.862913906780793
27-09-2012,31.99677718293001
28-09-2012,29.623168414563843
29-09-2012,25.29815184960087
30-09-2012,21.76531611147213
01-10-2012,28.491116568067948
02-10-2012,26.967426927108747
03-10-2012,29.475966100138663
04-10-2012,28.175859008409848
05-10-2012,30.247763576596675
06-10-2012,22.32382394219716
07-10-2012,31.586970328171628
08-10-2012,25.987998023461998
09-10-2012,35.37630436312632
10-10-2012,21.55406090955216
11-10-2012,33.67981901582625
12-10-2012,25.989553917313238
13-10-2012,21.74290998192776
14-10-2012,22.58057082972839
15-10-2012,23.39826346
16-10-2012,27.120829732009582
17-10-2012,27.61417744
18-10-2012,22.131499980307105
19-10-2012,24.878227038695087
20-10-2012,35.71135179305932
21-10-2012,33.637715850503554
22-10-2012,27.18161834837016
23-10-2012,25.19001739
24-10-2012,25.600156633591308
25-10-2012,28.06758986365208
26-10-2012,19.886037174007974
27-10-2012,23.713117312883274
28-10-2012,16.657079630612053
29-10-2012,26.996115613026397
30-10-2012,28.235979698513706
31-10-2012,22.58406768850313
01-11-2012,32.869933816450164
02-11-2012,18.871171684988294
03-11-2012,17.6781256
04-11-2012,26.12225909279986
05-11-2012,30.235491513060772
06-11-2012,33.419638457289345
07-11-2012,22.70557869
08-11-2012,30.39340416715648
09-11-2012,24.807457652496463
10-11-2012,24.136863500295902
11-11-2012,29.41829968743336
12-11-2012,28.26161439
13-11-2012,17.118039215078753
14-11-2012,32.38270174862948
15-11-2012,31.900456770737257
16-11-2012,21.872186492452354
17-11-2012,26.979017667187044
18-11-2012,27.470150931413695
19-11-2012,26.303368829119535
20-11-2012,22.24847423
21-11-2012,21.641883160309742
22-11-2012,24.872229645042772
23-11-2012,30.86364509629682
24-11-2012,27.71800077297216
25-11-2012,23.14692833956947
26-11-2012,28.858493553241722
27-11-2012,10.757286896849623
28-11-2012,30.743828501860516
29-11-2012,16.301431106109504
30-11-2012,23.18779529298434
01-12-2012,19.401650526869282
02-12-2012,18.526592621395473
03-12-2012,30.804133936892597
04-12-2012,22.661493993440544
05-12-2012,26.73251940865358
06-12-2012,24.76539710560408
07-12-2012,27.385204136115608
08-12-2012,25.384109455301278
09-12-2012,18.58503887905715
10-12-2012,29.9813341
11-12-2012,22.531217084193436
12-12-2012,17.217090506701247
13-12-2012,22.859424195170437
14-12-2012,32.503798953171554
15-12-2012,29.251108710567465
16-12-2012,23.256739327960705
17-12-2012,23.253711478407855
18-12-2012,23.391824743913087
19-12-2012,35.383739917804206
20-12-2012,26.909677261157768
21-12-2012,27.150208235955347
22-12-2012,30.15141727015921
23-12-2012,26.193945795132567
24-12-2012,23.704789270896484
25-12-2012,24.01825075457511
26-12-2012,24.641993702929682
27-12-2012,24.813888817450792
28-12-2012,28.63814772
29-12-2012,25.259729429036497
30-12-2012,28.663200386077897
31-12-2012,24.59641709945709
01-01-2013,25.393175951580453
02-01-2013,15.008996577339461
03-01-2013,29.58163837351241
04-01-2013,26.732442379489964
05-01-2013,29.99005054929826
06-01-2013,10.518723109031553
07-01-2013,35.44187352390364
08-01-2013,24.302051859224132
09-01-2013,30.540914083687582
10-01-2013,19.800470364372345
11-01-2013,28.06386952531285
12-01-2013,19.73292218413172
13-01-2013,21.881155196520975
14-01-2013,34.570156769333934
15-01-2013,24.046587996183266
16-01-2013,26.087164365898616
17-01-2013,29.35033865344377
18-01-2013,27.47840943986302
19-01-2013,25.752094525717883
20-01-2013,26.824805012331126
21-01-2013,37.01707792619138
22-01-2013,24.711906014832074
23-01-2013,26.005495233574837
24-01-2013,30.25327198003806
25-01-2013,30.52762966478992
26-01-2013,30.93515153
27-01-2013,28.19365111014592
28-01-2013,19.284975436347583
29-01-2013,33.16715766150548
30-01-2013,19.26827303490656
31-01-2013,26.513177326195166
01-02-2013,21.22862074990321
02-02-2013,24.679308267035037
03-02-2013,26.64381205
04-02-2013,26.606786077251364
05-02-2013,27.109603771176424
06-02-2013,33.06855634529323
07-02-2013,27.26767151
08-02-2013,23.779216823546758
09-02-2013,29.820435841441785
10-02-2013,30.947352444623203
11-02-2013,18.86196092431504
12-02-2013,27.98700034924929
13-02-2013,28.50586371155449
14-02-2013,23.51218248320004
15-02-2013,31.878534066558096
16-02-2013,24.249722064837368
17-02-2013,25.627882267357712
18-02-2013,24.13464087858065
19-02-2013,25.077895237907338
20-02-2013,19.518624565523993
21-02-2013,17.79974558702853
22-02-2013,32.97252531612486
23-02-2013,20.76519325840836
24-02-2013,20.043038252718464
25-02-2013,14.233049431981426
26-02-2013,21.805191261552487
27-02-2013,18.38455103296251
28-02-2013,33.21007580068185
01-03-2013,30.04908544671317
02-03-2013,21.559248274111383
03-03-2013,36.26217902672154
04-03-2013,29.90882743495797
05-03-2013,23.37584308245689
06-03-2013,12.502971425632134
07-03-2013,36.45471286295371
08-03-2013,18.05213766618202
09-03-2013,16.773006265215542
10-03-2013,30.112852160048202
11-03-2013,37.19876203169636
12-03-2013,31.92136409255259
13-03-2013,27.819545600261797
14-03-2013,27.97377170832643
15-03-2013,29.26707779390154
16-03-2013,28.794642948933827
17-03-2013,26.405957119846878
18-03-2013,25.52100551975938
19-03-2013,24.687034360502388
20-03-2013,21.23017705566662
21-03-2013,23.59662461566613
22-03-2013,16.535215929023074
23-03-2013,24.50830186602625
24-03-2013,20.057044464245415
25-03-2013,19.482053413921143
26-03-2013,25.899470755767393
27-03-2013,31.960011431722997
28-03-2013,29.591583030011563
29-03-2013,17.147496981884114
30-03-2013,20.051859317148313
31-03-2013,29.70385593994108
01-04-2013,20.087563032308452
02-04-2013,23.876834250014877
03-04-2013,27.75026049512276
04-04-2013,20.158277725681824
05-04-2013,25.52687753
06-04-2013,18.329872525408977
07-04-2013,21.99316178024393
08-04-2013,26.598909670712686
09-04-2013,17.035031332341653
10-04-2013,27.202373689801995
11-04-2013,24.901811005366593
12-04-2013,27.762449772085738
13-04-2013,26.119570670323306
14-04-2013,31.82070214986922
15-04-2013,25.626122513239537
16-04-2013,22.852972294373735
17-04-2013,25.611487515161418
18-04-2013,27.71649014518194
19-04-2013,25.24430035162852
20-04-2013,25.202958456019413
21-04-2013,21.490041560966223
22-04-2013,21.68549541224526
23-04-2013,17.986973641001534
24-04-2013,33.74788372
25-04-2013,18.780683823043574
26-04-2013,21.53547401102046
27-04-2013,21.40796367215401
28-04-2013,29.474621884722207
29-04-2013,23.52525160853986
30-04-2013,31.238710363368668
01-05-2013,21.63254687878066
02-05-2013,26.39497081111901
03-05-2013,20.823264733701215
04-05-2013,35.72574563886694
05-05-2013,19.062007904852436
06-05-2013,26.549103551135136
07-05-2013,28.168884404660492
08-05-2013,27.068995487257492
09-05-2013,24.073561705611457
10-05-2013,24.35089650133287
11-05-2013,25.219057359895547
12-05-2013,24.264989991857558
13-05-2013,29.819395583974547
14-05-2013,36.05261500795676
15-05-2013,22.212541074960832
16-05-2013,18.150985102104613
17-05-2013,24.558589758243727
18-05-2013,37.898546688271594
19-05-2013,20.981627160151348
20-05-2013,33.195584027220335
21-05-2013,33.388504070382204
22-05-2013,22.232058791460027
23-05-2013,27.844915395926378
24-05-2013,33.14198311564269
25-05-2013,23.104361295062564
26-05-2013,23.982098199488192
27-05-2013,22.09159543025678
28-05-2013,19.926216346535668
29-05-2013,21.753612274669965
30-05-2013,18.880298666188718
31-05-2013,25.17041734129613
01-06-2013,21.15013384470679
02-06-2013,26.16892955895374
03-06-2013,17.220521768981865
04-06-2013,26.654401161072286
05-06-2013,29.167644808044624
06-06-2013,15.031321787142723
07-06-2013,26.87028284923786
08-06-2013,31.13834496236646
09-06-2013,18.951794906543974
10-06-2013,33.362861934188516
11-06-2013,27.095095046830227
12-06-2013,21.474940721207957
13-06-2013,24.72115461171147
14-06-2013,27.79163456260861
15-06-2013,25.380026957062057
16-06-2013,27.693779962231847
17-06-2013,20.39663203460317
18-06-2013,25.84680412018039
19-06-2013,17.93142752
20-06-2013,24.44386969
21-06-2013,20.480461792676053
22-06-2013,21.322350287051165
23-06-2013,31.18046587605219
24-06-2013,30.456550602971344
25-06-2013,28.045690604535885
26-06-2013,19.538436176637106
27-06-2013,23.41795775152599
28-06-2013,31.065488499895917
29-06-2013,25.708584568199523
30-06-2013,36.59664769990847
01-07-2013,26.96658919697186
02-07-2013,25.960245582450156
03-07-2013,23.454417678987493
04-07-2013,25.66770452391141
05-07-2013,24.23765081809728
06-07-2013,28.54054338344295
07-07-2013,29.78351158397292
08-07-2013,21.070052697460252
09-07-2013,18.34383523221111
10-07-2013,15.818973134483517
11-07-2013,27.539956634562717
12-07-2013,19.483166969130632
13-07-2013,14.235547035237586
14-07-2013,26.942893022654822
15-07-2013,37.46499758716395
16-07-2013,24.969645442300532
17-07-2013,29.19245387225821
18-07-2013,25.409146792737825
19-07-2013,24.505551734044285
20-07-2013,29.595382414938843
21-07-2013,23.548627279056742
22-07-2013,26.336961570359513
23-07-2013,26.608489030980067
24-07-2013,21.659547731784755
25-07-2013,29.960211747682614
26-07-2013,24.125201216522957
27-07-2013,21.221274202535778
28-07-2013,27.682549217852017
29-07-2013,20.507660091044812
30-07-2013,25.140905786845643
31-07-2013,24.95440501677898
01-08-2013,30.42947782915789
02-08-2013,27.373491164399763
03-08-2013,24.87486520627428
04-08-2013,29.088831496001436
05-08-2013,31.951037745086566
06-08-2013,27.789051531759313
07-08-2013,25.051763099216902
08-08-2013,18.44081884
09-08-2013,19.674431684623137
10-08-2013,23.47387647822666
11-08-2013,21.952438989203586
12-08-2013,24.06514348507277
13-08-2013,25.283249624485535
14-08-2013,27.648463771783653
15-08-2013,24.647506109704544
16-08-2013,27.43250821913101
17-08-2013,25.32237207
18-08-2013,15.122667168230643
19-08-2013,20.303323030906228
20-08-2013,24.279562221391924
21-08-2013,18.95152628579446
22-08-2013,27.999643649981024
23-08-2013,32.65375416171849
24-08-2013,31.093809258486584
25-08-2013,23.93278564534896
26-08-2013,32.45363068424976
27-08-2013,25.743337286010558
28-08-2013,23.314570144409803
29-08-2013,21.93298668
30-08-2013,23.487651567559357
31-08-2013,23.059115907293858
01-09-2013,25.85208111187744
02-09-2013,25.802869905249324
03-09-2013,25.015230100767074
04-09-2013,27.184690848731748
05-09-2013,30.953231373931708
06-09-2013,29.747770677206617
07-09-2013,17.575510157750482
08-09-2013,12.230394325490225
09-09-2013,29.67159955619637
10-09-2013,18.165606507922895
11-09-2013,23.87617299053658
12-09-2013,19.149434869703203
13-09-2013,15.99009781
14-09-2013,27.70731364102394
15-09-2013,28.795775801513233
16-09-2013,22.117448
17-09-2013,12.044788539275451
18-09-2013,22.268777758737585
19-09-2013,26.959020027012734
20-09-2013,17.605442156129357
21-09-2013,25.91679959889578
22-09-2013,24.923450754135022
23-09-2013,27.896457498005443
24-09-2013,25.597901842070765
25-09-2013,20.13465529559222
26-09-2013,30.982857508322457
27-09-2013,24.20735213486515
28-09-2013,24.86347730245034
29-09-2013,20.333660204634022
30-09-2013,22.783588744042447
01-10-2013,20.575986429865495
02-10-2013,24.135269700382885
03-10-2013,33.558542400711715
04-10-2013,18.140494285343216
05-10-2013,16.932193010616295
06-10-2013,32.35585163746804
07-10-2013,23.95338161424067
08-10-2013,21.654636306700418
09-10-2013,30.19952343698038
10-10-2013,21.97192230131568
11-10-2013,34.13004856773468
12-10-2013,28.389629356696346
13-10-2013,22.560442959271487
14-10-2013,35.786541066327516
15-10-2013,21.97142538498331
16-10-2013,28.710476860046533
17-10-2013,26.49646290203246
18-10-2013,31.50870644699399
19-10-2013,32.807555983634266
20-10-2013,25.160020745328833
21-10-2013,21.232910648269083
22-10-2013,27.299860714695583
23-10-2013,21.61142315123947
24-10-2013,35.066936237633115
25-10-2013,25.682676655413687
26-10-2013,23.173392243439455
27-10-2013,25.923401529324543
28-10-2013,18.264368552351517
29-10-2013,20.141929807446743
30-10-2013,31.00206953972213
31-10-2013,21.71552860514302
01-11-2013,19.76544509
02-11-2013,27.68326376263643
03-11-2013,30.928520773314986
04-11-2013,28.594766553325336
05-11-2013,29.980238429029082
06-11-2013,21.216024557152696
07-11-2013,17.89094666629078
08-11-2013,32.506668259777435
09-11-2013,23.38660080578932
10-11-2013,23.745834917724764
11-11-2013,31.640970709245288
12-11-2013,27.78115005
13-11-2013,27.27943886040804
14-11-2013,35.825011724505416
15-11-2013,21.782408848099287
16-11-2013,29.639200640406187
17-11-2013,25.285065624485423
18-11-2013,26.342961394316283
19-11-2013,32.64234213206266
20-11-2013,27.53917878144812
21-11-2013,27.691480395248163
22-11-2013,30.36253668654901
23-11-2013,23.175236352285573
24-11-2013,20.803951663304968
25-11-2013,19.775954029894834
26-11-2013,15.16821705311999
27-11-2013,35.28103564970161
28-11-2013,19.483958171391585
29-11-2013,23.89373188207114
30-11-2013,23.615933500555396
01-12-2013,26.537033489045506
02-12-2013,29.078686062696484
03-12-2013,29.302367441798726
04-12-2013,22.08461280715531
05-12-2013,24.164391431067944
06-12-2013,26.412899752441497
07-12-2013,23.756544369082263
08-12-2013,33.03672788009996
09-12-2013,27.454874758191256
10-12-2013,28.674388930249087
11-12-2013,28.314406343337062
12-12-2013,30.867369287426627
13-12-2013,25.905107793518535
14-12-2013,18.515840260220767
15-12-2013,26.998439758763208
16-12-2013,21.743215531040853
17-12-2013,22.356916591251217
18-12-2013,27.931820093775467
19-12-2013,31.19141535716818
20-12-2013,25.106357883680307
21-12-2013,26.544165062994818
22-12-2013,33.51107472317619
23-12-2013,26.203765897442842
24-12-2013,38.008415570901974
25-12-2013,27.82754822815772
26-12-2013,16.19618620422091
27-12-2013,28.766708105522664
28-12-2013,26.90579192441389
29-12-2013,31.448763770413727
30-12-2013,28.36590675634979
31-12-2013,24.307720080081133
01-01-2014,18.878508818553172
02-01-2014,23.954883713569874
03-01-2014,20.74739773
04-01-2014,22.097382750976386
05-01-2014,27.94289202210305
06-01-2014,33.34952252175703
07-01-2014,26.973357649114906
08-01-2014,19.020584689824076
09-01-2014,27.223013341100703
10-01-2014,30.983157433228257
11-01-2014,21.95108547840309
12-01-2014,24.32991416663541
13-01-2014,25.073440973645987
14-01-2014,21.075508434588798
15-01-2014,28.241402169219295
16-01-2014,24.395259256961094
17-01-2014,27.097662219535138
18-01-2014,20.562539110989498
19-01-2014,22.812708498382946
20-01-2014,28.611906789138857
21-01-2014,23.135834239541165
22-01-2014,33.63481925616703
23-01-2014,23.001819071926988
24-01-2014,26.12342362875943
25-01-2014,29.662954159365448
26-01-2014,17.908171335334842
27-01-2014,16.19595594009612
28-01-2014,17.371718427149524
29-01-2014,31.31292051713591
30-01-2014,22.240709270537767
31-01-2014,37.79099642834126
01-02-2014,22.178762006713058
02-02-2014,25.922756515985185
03-02-2014,32.71054976283938
04-02-2014,35.03046444079561
05-02-2014,35.30751788318199
06-02-2014,31.041831152965713
07-02-2014,30.120312629057313
08-02-2014,27.962634746005914
09-02-2014,28.89180538083319
10-02-2014,22.244071418357333
11-02-2014,20.909005582888465
12-02-2014,24.98312771294524
13-02-2014,24.149076887375358
14-02-2014,22.733859753363625
15-02-2014,28.481937237283578
16-02-2014,29.776526042852552
17-02-2014,25.442034431459238
18-02-2014,32.38765040527631
19-02-2014,19.291554429332475
20-02-2014,24.03170270360141
21-02-2014,21.415888396985977
22-02-2014,15.66731691
23-02-2014,24.586596570786504
24-02-2014,24.39126245808358
25-02-2014,32.567248716210656
26-02-2014,28.154058422773886
27-02-2014,19.879065878353977
28-02-2014,34.27046283167094
01-03-2014,31.105168477626766
02-03-2014,27.91048851734308
03-03-2014,23.86757950575084
04-03-2014,20.202803816382602
05-03-2014,23.138966119644735
06-03-2014,30.44374309852093
07-03-2014,34.42293152967304
08-03-2014,32.71621764136094
09-03-2014,22.55575289106863
10-03-2014,19.401912833554945
11-03-2014,25.70443123455602
12-03-2014,16.157803172185744
13-03-2014,26.615838570923906
14-03-2014,24.261987068506656
15-03-2014,22.66981749065879
16-03-2014,17.02648466366602
17-03-2014,27.568000532848583
18-03-2014,22.336495801690443
19-03-2014,19.15041582144856
20-03-2014,10.638688933591753
21-03-2014,24.862425474746818
22-03-2014,33.86125798334872
23-03-2014,33.30629607273935
24-03-2014,22.714518717068643
25-03-2014,21.988939698191096
26-03-2014,27.34387128037512
27-03-2014,20.008072804058543
28-03-2014,26.50895949909733
29-03-2014,28.830401391923452
30-03-2014,31.13466611942154
31-03-2014,24.499229617600236
01-04-2014,23.98163124911517
02-04-2014,20.610087066217194
03-04-2014,20.86559823
04-04-2014,23.867605540492367
05-04-2014,26.83682753408089
06-04-2014,29.567923131166246
07-04-2014,20.984105246598276
08-04-2014,32.46344284479761
09-04-2014,23.644381994787157
10-04-2014,24.89316352825782
11-04-2014,21.263941604260882
12-04-2014,12.878798698635292
13-04-2014,29.42022698180525
14-04-2014,28.684219485462165
15-04-2014,23.593362214408934
16-04-2014,25.33495358612436
17-04-2014,27.579696088520496
18-04-2014,17.187270715567287
19-04-2014,22.354736613268525
20-04-2014,28.971323398109135
21-04-2014,18.728552884153753
22-04-2014,26.467789660833148
23-04-2014,18.217090976882975
24-04-2014,27.332149912167633
25-04-2014,24.821792588512583
26-04-2014,16.924340920472453
27-04-2014,30.823696772285857
28-04-2014,21.327042116009753
29-04-2014,20.948737814928094
30-04-2014,26.002845986154714
01-05-2014,30.743186747143575
02-05-2014,19.920890905108017
03-05-2014,25.30839924923986
04-05-2014,27.144082501652864
05-05-2014,28.46552803631572
06-05-2014,25.882207776386124
07-05-2014,23.164860804583387
08-05-2014,20.862048896756402
09-05-2014,25.430719415231874
10-05-2014,19.639304940071966
11-05-2014,10.393247582526964
12-05-2014,27.182799020788337
13-05-2014,29.519674205430977
14-05-2014,13.185337822290808
15-05-2014,19.95134647645031
16-05-2014,28.095771305025988
17-05-2014,35.28747735
18-05-2014,25.10396853837704
19-05-2014,21.35998529385433
20-05-2014,24.08551779
21-05-2014,31.874382095740923
22-05-2014,21.770179104377323
23-05-2014,21.00403996674873
24-05-2014,22.58628238908984
25-05-2014,20.233356958706437
26-05-2014,25.613351579973976
27-05-2014,33.12339229
28-05-2014,26.615396365580146
29-05-2014,23.738232489368563
30-05-2014,23.54094365542228
31-05-2014,17.184045956516716
01-06-2014,29.415548885735795
02-06-2014,24.61081401493599
03-06-2014,24.09760043204687
04-06-2014,40.965537839224304
05-06-2014,26.49376454182843
06-06-2014,21.24104474952408
07-06-2014,22.868212018972283
08-06-2014,30.742228545983775
09-06-2014,25.56635205268882
10-06-2014,17.808610108413166
11-06-2014,29.59614467287602
12-06-2014,21.65927957230503
13-06-2014,34.366488881087726
14-06-2014,30.400240328573243
15-06-2014,22.763390521706246
16-06-2014,31.405081808675565
17-06-2014,25.339277552637018
18-06-2014,29.263868375611096
19-06-2014,27.423664086472375
20-06-2014,20.768216725045633
21-06-2014,21.78225083841269
22-06-2014,30.149804087905807
23-06-2014,23.326123339467294
24-06-2014,22.981757683790015
25-06-2014,20.224387103253235
26-06-2014,27.117995327967307
27-06-2014,35.31262459621573
28-06-2014,19.662335428728635
29-06-2014,25.12109728336379
30-06-2014,32.061102777077146
01-07-2014,24.601793043771423
02-07-2014,27.26185898124867
03-07-2014,19.688032359265602
04-07-2014,27.141535486038244
05-07-2014,24.064278674977256
06-07-2014,29.928649978399314
07-07-2014,30.936930257823754
08-07-2014,37.94781821009307
09-07-2014,27.898165866067878
10-07-2014,26.628981582910832
11-07-2014,25.97192150788668
12-07-2014,23.23416853594656
13-07-2014,26.692419217308455
14-07-2014,23.522992949304854
15-07-2014,25.84230488134807
16-07-2014,31.58798768
17-07-2014,19.967287173601793
18-07-2014,30.699392805645225
19-07-2014,31.58557533669933
20-07-2014,24.409657365044605
21-07-2014,14.390725504957027
22-07-2014,21.960890064527838
23-07-2014,31.484972732805545
24-07-2014,24.88565968850559
25-07-2014,20.003488838525445
26-07-2014,22.47612539385891
27-07-2014,29.203100132522763
28-07-2014,27.73366784
29-07-2014,23.80533950415153
30-07-2014,23.165877940926563
31-07-2014,23.04120925478089
01-08-2014,20.387949077507486
02-08-2014,33.07687844734721
03-08-2014,23.38839765
04-08-2014,31.085792604127484
05-08-2014,32.60658025961226
06-08-2014,29.99155449
07-08-2014,22.841898436409757
08-08-2014,27.018650451683047
09-08-2014,24.879021968045418
10-08-2014,20.48149069634936
11-08-2014,26.621796408608017
12-08-2014,19.10480104420099
13-08-2014,30.93839694230782
14-08-2014,22.676913513508033
15-08-2014,26.005798279364196
16-08-2014,26.41643935773071
17-08-2014,23.705475131479613
18-08-2014,27.933469007376374
19-08-2014,22.62548171688738
20-08-2014,29.35648648728622
21-08-2014,18.270101598766257
22-08-2014,25.63189789773206
23-08-2014,34.694644995291426
24-08-2014,19.998343376972127
25-08-2014,21.611275147375743
26-08-2014,27.569539248294575
27-08-2014,25.89790890969799
28-08-2014,26.753150496367795
29-08-2014,27.445935650738317
30-08-2014,28.17360734280885
31-08-2014,30.548499209781117
01-09-2014,27.049093284642563
02-09-2014,23.793711726907286
03-09-2014,28.362868506013655
04-09-2014,34.49940967447608
05-09-2014,24.33683126808713
06-09-2014,20.127353476646793
07-09-2014,30.53540334643486
08-09-2014,24.398094180232007
09-09-2014,14.136652269929819
10-09-2014,29.23710838575211
11-09-2014,22.323359070230385
12-09-2014,24.547333588479198
13-09-2014,26.659901652845072
14-09-2014,25.952498398895333
15-09-2014,28.54725909
16-09-2014,22.822568147150783
17-09-2014,27.565528990880413
18-09-2014,23.702266612080415
19-09-2014,28.694052404437514
20-09-2014,28.076837420065267
21-09-2014,20.322806489777022
22-09-2014,30.42991058087516
23-09-2014,22.32018277442976
24-09-2014,29.040288991405724
25-09-2014,26.836436567006704
26-09-2014,34.190918383975614
27-09-2014,23.88267008814074
28-09-2014,23.253416019409013
29-09-2014,24.902901970561338
30-09-2014,23.484101085828623
01-10-2014,28.99970950971025
02-10-2014,16.91844695781706
03-10-2014,19.73158790426823
04-10-2014,19.660985392104035
05-10-2014,29.75153795986788
06-10-2014,33.553066862909624
07-10-2014,24.477753907312643
08-10-2014,24.155891384049948
09-10-2014,25.350260815565907
10-10-2014,30.809391513040953
11-10-2014,20.36323432904713
12-10-2014,26.191844913673926
13-10-2014,29.87598814891215
14-10-2014,27.505470849699226
15-10-2014,25.947908082993717
16-10-2014,30.005230462835705
17-10-2014,11.483838535003814
18-10-2014,28.38937659765454
19-10-2014,21.72962158436288
20-10-2014,15.846835515717716
21-10-2014,27.556012997624904
22-10-2014,31.86829272581479
23-10-2014,24.31275742686154
24-10-2014,29.764372736014693
25-10-2014,33.06139128994323
26-10-2014,31.57457226792024
27-10-2014,33.199822646856965
28-10-2014,28.71063745535946
29-10-2014,25.377168194507963
30-10-2014,16.990170940514158
31-10-2014,23.769687559350256
01-11-2014,20.783767023419042
02-11-2014,35.85471358748907
03-11-2014,24.120570937838316
04-11-2014,25.61602403392243
05-11-2014,27.75742688020234
06-11-2014,25.218012231862268
07-11-2014,33.47525520215376
08-11-2014,21.88675319132774
09-11-2014,25.973037276186215
10-11-2014,21.28764707150976
11-11-2014,18.39988744389647
12-11-2014,21.941154545473573
13-11-2014,24.81481601475794
14-11-2014,22.85348888
15-11-2014,21.53789510063072
16-11-2014,17.96841268164083
17-11-2014,24.584472136856526
18-11-2014,17.476398129844988
19-11-2014,28.80027981844801
20-11-2014,25.412198764672517
21-11-2014,17.71224250267535
22-11-2014,23.453954614750682
23-11-2014,21.239217972047083
24-11-2014,26.59587255
25-11-2014,31.70225223011572
26-11-2014,15.624137651771278
27-11-2014,25.575130395737087
28-11-2014,24.199336022166797
29-11-2014,28.356700382252328
30-11-2014,26.065983141188447
01-12-2014,21.240153341305906
02-12-2014,23.40473032166691
03-12-2014,21.019870715982556
04-12-2014,30.38003569299299
05-12-2014,25.10655824335971
06-12-2014,34.50595342876504
07-12-2014,24.696695930926897
08-12-2014,21.457966165447687
09-12-2014,17.431428036935863
10-12-2014,15.984301618720275
11-12-2014,17.079320284972553
12-12-2014,26.335633255057417
13-12-2014,27.54362511614967
14-12-2014,17.094046489839332
15-12-2014,29.475191570380577
16-12-2014,22.58469474
17-12-2014,25.733965059927748
18-12-2014,33.06110314127712
19-12-2014,29.48419657932766
20-12-2014,23.657346760470837
21-12-2014,20.544038872923565
22-12-2014,14.240922993353475
23-12-2014,21.4042334
24-12-2014,23.944348805861527
25-12-2014,20.06410236424408
26-12-2014,24.343715164538477
27-12-2014,25.384259414793842
28-12-2014,23.875720090959607
29-12-2014,21.7499871
30-12-2014,25.84327335983364
31-12-2014,27.209703247847045
01-01-2015,19.548004612785768
02-01-2015,32.054661898731354
03-01-2015,24.507059338578692
04-01-2015,25.094248114724238
05-01-2015,28.541072116282784
06-01-2015,26.166080656317508
07-01-2015,29.765683169566223
08-01-2015,26.43562082600912
09-01-2015,21.93781312679781
10-01-2015,26.80751762603051
11-01-2015,19.28136896339669
12-01-2015,25.542798528882617
13-01-2015,24.833850046777695
14-01-2015,23.959415713637302
15-01-2015,24.357312442805345
16-01-2015,15.590754772511804
17-01-2015,22.256375461295193
18-01-2015,25.464224505705573
19-01-2015,25.799281959987002
20-01-2015,19.86162429537021
21-01-2015,31.328539204323505
22-01-2015,20.669125758927496
23-01-2015,29.847286002633684
24-01-2015,27.135971809358423
25-01-2015,21.768863450780984
26-01-2015,33.87655446304756
27-01-2015,19.03181584
28-01-2015,29.595770868050007
29-01-2015,30.002911590214893
30-01-2015,21.646898954616777
31-01-2015,31.962326500321645
01-02-2015,23.749767427005235
02-02-2015,26.443468146399287
03-02-2015,26.301609193856102
04-02-2015,24.32845629264726
05-02-2015,29.05404136579891
06-02-2015,28.967443602761065
07-02-2015,16.257340133809095
08-02-2015,31.521701214390763
09-02-2015,16.68754005982163
10-02-2015,30.162731021708286
11-02-2015,30.633525684137915
12-02-2015,19.54516784892401
13-02-2015,22.945928560227077
14-02-2015,19.47147665757032
15-02-2015,23.925394848556323
16-02-2015,23.459828579071292
17-02-2015,28.898302661346698
18-02-2015,31.55154373059804
19-02-2015,31.97841905394978
20-02-2015,22.18915986710849
21-02-2015,23.95389063127736
22-02-2015,16.58280903889525
23-02-2015,20.970649667519055
24-02-2015,29.824258165487286
25-02-2015,33.07791411774116
26-02-2015,18.82825564060039
27-02-2015,22.037678704235528
28-02-2015,24.867971215205365
01-03-2015,26.400805794098034
02-03-2015,20.95198240039177
03-03-2015,27.120305222320447
04-03-2015,22.63080326464542
05-03-2015,24.927738645608603
06-03-2015,27.73142124
07-03-2015,25.032111349054688
08-03-2015,22.818070547367157
09-03-2015,24.451950980370846
10-03-2015,24.558185203973323
11-03-2015,23.14994485058936
12-03-2015,23.706019686664487
13-03-2015,32.99323585252358
14-03-2015,27.804597239706194
15-03-2015,23.522598409854197
16-03-2015,28.484772022553678
17-03-2015,23.33090255121995
18-03-2015,30.865623187933206
19-03-2015,26.84821096099047
20-03-2015,24.463489279978855
21-03-2015,27.238584629051388
22-03-2015,17.145619239657503
23-03-2015,19.366162655450974
24-03-2015,19.030374968004722
25-03-2015,25.714715473818533
26-03-2015,33.66257499742546
27-03-2015,36.15650073096316
28-03-2015,28.190255507203787
29-03-2015,27.504222374722286
30-03-2015,15.994711329236305
31-03-2015,22.28663100132989
01-04-2015,21.061081240458805
02-04-2015,21.89576200874442
03-04-2015,24.159280907076052
04-04-2015,22.639547111514364
05-04-2015,15.103500948121061
06-04-2015,28.73955128058767
07-04-2015,19.636284871300965
08-04-2015,26.196234320555746
09-04-2015,35.370413348749864
10-04-2015,20.403077042067885
11-04-2015,12.348562386268352
12-04-2015,23.569978890599447
13-04-2015,30.504798174992857
14-04-2015,34.79173727110297
15-04-2015,18.852252027737915
16-04-2015,27.483496116182607
17-04-2015,22.673447716099734
18-04-2015,24.47025822847932
19-04-2015,38.221716735085174
20-04-2015,17.485148358024233
21-04-2015,26.268698307472867
22-04-2015,27.338465858827167
23-04-2015,30.428931624696737
24-04-2015,25.48991576735448
25-04-2015,26.54025269752051
26-04-2015,23.041757162891045
27-04-2015,26.345634706225535
28-04-2015,23.28403862251295
29-04-2015,28.107859449280255
30-04-2015,23.15194831978183
01-05-2015,26.885501969510933
02-05-2015,24.853685931575107
03-05-2015,30.63025125386084
04-05-2015,24.74303138205757
05-05-2015,16.134837658965594
06-05-2015,31.309607503569957
07-05-2015,20.471338495686904
08-05-2015,21.73116831
09-05-2015,22.02169352978254
10-05-2015,31.872190465854086
11-05-2015,14.321628930106522
12-05-2015,40.688742668299966
13-05-2015,30.28028404533026
14-05-2015,26.11619457
15-05-2015,24.725529996918567
16-05-2015,26.427770374288286
17-05-2015,27.605612141896692
18-05-2015,28.226077929750286
19-05-2015,27.778022330017244
20-05-2015,25.447903406276243
21-05-2015,24.01330789846337
22-05-2015,24.243633581732443
23-05-2015,24.025458598236597
24-05-2015,30.668850484335323
25-05-2015,27.967783611404307
26-05-2015,10.298056826678598
27-05-2015,28.279503882648804
28-05-2015,25.973680973593876
29-05-2015,24.90645621777051
30-05-2015,23.05740773455557
31-05-2015,30.620563599930065
01-06-2015,29.737632310614288
02-06-2015,21.135611660881956
03-06-2015,27.035261435622676
04-06-2015,20.14171632729357
05-06-2015,18.101909176055347
06-06-2015,21.866413877050174
07-06-2015,29.311967361913794
08-06-2015,29.765625226880434
09-06-2015,27.565427100486467
10-06-2015,28.625478934239986
11-06-2015,27.58089143557479
12-06-2015,21.792592023885238
13-06-2015,27.159612723369705
14-06-2015,29.002047626138413
15-06-2015,28.771456649067872
16-06-2015,30.944566857373214
17-06-2015,28.541519236005318
18-06-2015,26.757241037707914
19-06-2015,30.350751191582138
20-06-2015,24.8673937
21-06-2015,20.59062674386141
22-06-2015,24.18466518028118
23-06-2015,21.275486775967757
24-06-2015,21.62410862512809
25-06-2015,24.27740664642241
26-06-2015,21.037900395000193
27-06-2015,23.46019235
28-06-2015,15.531926665231072
29-06-2015,26.066468536864694
30-06-2015,25.006027376811122
01-07-2015,20.914556844659046
02-07-2015,28.296228342162024
03-07-2015,29.68785068813279
04-07-2015,16.962200678155128
05-07-2015,21.18637610716893
06-07-2015,21.15428825106351
07-07-2015,20.300484494455677
08-07-2015,29.147374209658743
09-07-2015,24.030869306135983
10-07-2015,23.677425793446947
11-07-2015,14.980688177966233
12-07-2015,28.17709015104613
13-07-2015,18.80370802573264
14-07-2015,25.299663151331643
15-07-2015,26.386884689790957
16-07-2015,31.803292979193255
17-07-2015,18.45589800440444
18-07-2015,9.902439220895873
19-07-2015,25.919247723768475
20-07-2015,34.00255590755427
21-07-2015,31.19473176469719
22-07-2015,26.048297076373128
23-07-2015,22.541819071839765
24-07-2015,29.035612983186553
25-07-2015,20.132269001477656
26-07-2015,27.381788846781095
27-07-2015,27.527350795833133
28-07-2015,30.30104954
29-07-2015,38.79830019455539
30-07-2015,26.962079835893835
31-07-2015,22.455181871462507
01-08-2015,24.87212843904003
02-08-2015,16.15462047555441
03-08-2015,21.52643434455471
04-08-2015,22.95358780943448
05-08-2015,22.379558010327038
06-08-2015,25.76177436016861
07-08-2015,20.887900338088997
08-08-2015,30.605153336622358
09-08-2015,25.001035324590987
10-08-2015,24.953498394306926
11-08-2015,23.36052641743541
12-08-2015,25.775953419294897
13-08-2015,29.125491323338174
14-08-2015,20.664348921445498
15-08-2015,21.709417554623716
16-08-2015,23.481369856116675
17-08-2015,18.270645382633926
18-08-2015,20.903710701392512
19-08-2015,22.618895632276704
20-08-2015,29.37194590356364
21-08-2015,26.312806645009626
22-08-2015,25.967949556837723
23-08-2015,29.25448981083986
24-08-2015,24.313141058003016
25-08-2015,26.952324249644448
26-08-2015,24.48389123533752
27-08-2015,26.326811746998143
28-08-2015,22.08620671194209
29-08-2015,12.805914208617855
30-08-2015,24.32860418906848
31-08-2015,32.11374068
01-09-2015,29.631077011207964
02-09-2015,29.826987422955852
03-09-2015,31.18065360903109
04-09-2015,25.443287954807186
05-09-2015,25.986578537027977
06-09-2015,21.91174052282825
07-09-2015,23.41963571986475
08-09-2015,28.07885574885571
09-09-2015,31.019422185844082
10-09-2015,24.302768621595003
11-09-2015,22.749053675742942
12-09-2015,25.002639794282988
13-09-2015,28.006033744645574
14-09-2015,17.78072591933229
15-09-2015,13.51909523431381
16-09-2015,22.247315752542082
17-09-2015,18.896437870429207
18-09-2015,22.459299011763445
19-09-2015,24.26109840591264
20-09-2015,22.733757954884933
21-09-2015,32.26233767235372
22-09-2015,26.63372382
23-09-2015,26.502371798054142
24-09-2015,28.11103572021701
25-09-2015,19.305834411096154
26-09-2015,30.195558937101342
27-09-2015,24.62117857
28-09-2015,28.352403086206063
29-09-2015,19.64071383479922
30-09-2015,17.23120616991968
01-10-2015,29.089448290125144
02-10-2015,26.882047630487584
03-10-2015,20.48974222821245
04-10-2015,20.651684593626527
05-10-2015,30.627173922073847
06-10-2015,19.05294053566336
07-10-2015,33.21336476627982
08-10-2015,20.496896326760655
09-10-2015,28.191959628041914
10-10-2015,23.356907621255075
11-10-2015,28.015937155411716
12-10-2015,22.279429989429037
13-10-2015,24.18603546963853
14-10-2015,25.204595876978605
15-10-2015,19.989062721092637
16-10-2015,28.704121727100627
17-10-2015,22.433932167642073
18-10-2015,23.857000423299908
19-10-2015,20.028253126957438
20-10-2015,12.188331706023448
21-10-2015,24.044861186999157
22-10-2015,37.063077108064576
23-10-2015,28.92302143949012
24-10-2015,24.903698101328025
25-10-2015,23.68554585395866
26-10-2015,25.11232946406023
27-10-2015,27.73559557587605
28-10-2015,19.095935923455777
29-10-2015,30.571608473344362
30-10-2015,28.57690657720622
31-10-2015,28.59092862853967
01-11-2015,27.192378694048635
02-11-2015,25.09808328846995
03-11-2015,28.36430618
04-11-2015,27.95907066870689
05-11-2015,23.22979644529488
06-11-2015,22.131991135515495
07-11-2015,25.509281476309933
08-11-2015,32.74510075747594
09-11-2015,18.804464621730496
10-11-2015,17.662373671237802
11-11-2015,25.823804206182583
12-11-2015,25.25443850928009
13-11-2015,25.86670832185204
14-11-2015,26.219765989542502
15-11-2015,23.883988726825976
16-11-2015,32.44931719301041
17-11-2015,16.99548010761742
18-11-2015,20.85751487609877
19-11-2015,24.483726199254765
20-11-2015,16.784055944229163
21-11-2015,24.120727977839643
22-11-2015,33.30735082864009
23-11-2015,25.10443244147981
24-11-2015,26.153504528593416
25-11-2015,18.69917617
26-11-2015,21.918192959802614
27-11-2015,23.124018098380315
28-11-2015,23.41142451621883
29-11-2015,31.408218975018844
30-11-2015,27.78845530362562
01-12-2015,19.44271021531484
02-12-2015,26.232523892160025
03-12-2015,27.491108742483924
04-12-2015,30.700745192606334
05-12-2015,32.90270343284187
06-12-2015,19.924529040860655
07-12-2015,20.94571244394831
08-12-2015,18.71211070542692
09-12-2015,23.829900704465093
10-12-2015,27.331791872231673
11-12-2015,29.93667258294551
12-12-2015,24.620244881787386
13-12-2015,23.40076238372578
14-12-2015,25.758789961243703
15-12-2015,20.824285491849885
16-12-2015,35.44769360847387
17-12-2015,16.961694864409708
18-12-2015,25.923702894478623
19-12-2015,35.1180311
20-12-2015,25.033999222799988
21-12-2015,24.049804824992528
22-12-2015,23.212772885947864
23-12-2015,24.09804159118796
24-12-2015,31.864242373382652
25-12-2015,13.940690443352466
26-12-2015,32.66716850648163
27-12-2015,17.880214237749275
28-12-2015,23.666738353827927
29-12-2015,22.853777898506692
30-12-2015,27.94276635
31-12-2015,17.009378240581263
01-01-2016,27.310863330409713
02-01-2016,35.12154811643426
03-01-2016,18.184129977035948
04-01-2016,25.94853083805198
05-01-2016,21.690089111016956
06-01-2016,27.12943603096518
07-01-2016,25.09573888707876
08-01-2016,21.79256545477845
09-01-2016,27.43936142435537
10-01-2016,34.021740548933714
11-01-2016,24.045481041363505
12-01-2016,28.59878971074091
13-01-2016,18.53363521064418
14-01-2016,20.217818115909957
15-01-2016,27.362031389401885
16-01-2016,32.420580142679825
17-01-2016,26.77806674
18-01-2016,23.434709847384227
19-01-2016,24.99645702711677
20-01-2016,18.747961330151412
21-01-2016,28.022576631776833
22-01-2016,29.411665311617046
23-01-2016,22.73954834
24-01-2016,22.649789261202493
25-01-2016,26.329391148260243
26-01-2016,22.816401319797023
27-01-2016,24.669336926870887
28-01-2016,35.49860894583258
29-01-2016,23.76487149627002
30-01-2016,23.20829923989389
31-01-2016,21.762290971824203
01-02-2016,28.720959857499682
02-02-2016,24.093879133909486
03-02-2016,21.753134808392872
04-02-2016,31.60652016136506
05-02-2016,32.098015022568184
06-02-2016,21.997882171306475
07-02-2016,15.66730024319692
08-02-2016,30.03756844918461
09-02-2016,21.57685087119998
10-02-2016,28.953127995813844
11-02-2016,15.149480911440822
12-02-2016,29.462986691496546
13-02-2016,18.944140353596094
14-02-2016,28.653820595332622
15-02-2016,25.071365339182172
16-02-2016,20.230302903016778
17-02-2016,22.964818435366098
18-02-2016,28.431592284783505
19-02-2016,25.52947226557617
20-02-2016,27.922064902362422
21-02-2016,34.88220292257743
22-02-2016,17.178791941444743
23-02-2016,33.08606287484312
24-02-2016,25.521779687616064
25-02-2016,20.50607975838436
26-02-2016,18.348431871305053
27-02-2016,24.054398046114834
28-02-2016,29.60825056
29-02-2016,24.362254398112327
01-03-2016,32.55577465123674
02-03-2016,17.744121549742204
03-03-2016,24.939555260769726
04-03-2016,18.738032777934404
05-03-2016,26.81815941312484
06-03-2016,29.43443695
07-03-2016,22.896191031594732
08-03-2016,11.97893071686433
09-03-2016,25.99474073398247
10-03-2016,27.183692758667547
11-03-2016,27.021473774808488
12-03-2016,31.17891095911077
13-03-2016,19.644731601754756
14-03-2016,28.401080527252248
15-03-2016,30.962537562389876
16-03-2016,16.107062079967417
17-03-2016,26.598259129594886
18-03-2016,22.479100844961643
19-03-2016,24.59238663449177
20-03-2016,26.738382417691682
21-03-2016,22.56385717943224
22-03-2016,21.62145960419194
23-03-2016,25.170762087440124
24-03-2016,19.563770305685985
25-03-2016,19.570874355574073
26-03-2016,28.396866414782515
27-03-2016,19.25602982420672
28-03-2016,28.33156250454606
29-03-2016,27.312956464269757
30-03-2016,16.370966356047017
31-03-2016,21.612176738321725
01-04-2016,30.97054701523686
02-04-2016,20.09417234430159
03-04-2016,22.677978688453063
04-04-2016,27.31030446625948
05-04-2016,28.91695254641298
06-04-2016,23.74230556977752
07-04-2016,22.01244902654179
08-04-2016,32.11184930849254
09-04-2016,33.69449832
10-04-2016,29.894290253908977
11-04-2016,25.42659071282512
12-04-2016,20.95867139179537
13-04-2016,20.847777967217173
14-04-2016,27.61257052632879
15-04-2016,27.09199110444342
16-04-2016,32.007992964732146
17-04-2016,28.252250462680696
18-04-2016,17.48459849120091
19-04-2016,30.259738088614593
20-04-2016,20.009696863427934
21-04-2016,23.08014364023824
22-04-2016,26.251001031258472
23-04-2016,34.978337448919824
24-04-2016,40.549592780026806
25-04-2016,28.033615295680914
26-04-2016,24.084016906398062
27-04-2016,27.672528242402752
28-04-2016,29.43827712936918
29-04-2016,23.396661872214043
30-04-2016,33.97605677956161
01-05-2016,26.15035379595701
02-05-2016,27.48871544545697
03-05-2016,28.329621260272308
04-05-2016,27.10793305307228
05-05-2016,29.19470250234806
06-05-2016,21.913734067265384
07-05-2016,22.208491230269846
08-05-2016,19.499228835141526
09-05-2016,27.19750615310113
10-05-2016,28.89468251756057
11-05-2016,27.28886433075943
12-05-2016,33.37246216673769
13-05-2016,24.97201990585477
14-05-2016,28.343708277962563
15-05-2016,19.54149561930343
16-05-2016,23.064501487627997
17-05-2016,28.47768878782889
18-05-2016,29.245510553715718
19-05-2016,23.530165261679088
20-05-2016,24.642003740709665
21-05-2016,17.410631266595953
22-05-2016,23.214853995966955
23-05-2016,29.45191581759893
24-05-2016,27.87602508053283
25-05-2016,27.50332860690605
26-05-2016,25.24886844
27-05-2016,25.03531579314088
28-05-2016,21.698394302632764
29-05-2016,28.494142101012674
30-05-2016,27.10486472194695
31-05-2016,27.460094239963997
01-06-2016,22.369825786662098
02-06-2016,14.233285400643778
03-06-2016,30.48576355876848
04-06-2016,22.605812719957978
05-06-2016,20.686121179784397
06-06-2016,28.467394559569968
07-06-2016,23.03993680040435
08-06-2016,30.29968192023311
09-06-2016,28.08502974788349
10-06-2016,28.417846616002386
11-06-2016,18.170221443997328
12-06-2016,31.059719926932004
13-06-2016,26.30625265616928
14-06-2016,23.153614303768983
15-06-2016,25.716942336711256
16-06-2016,16.11882384
17-06-2016,27.043264057403356
18-06-2016,19.853142459089643
19-06-2016,18.23664857078233
20-06-2016,17.388204068910547
21-06-2016,30.563441874949625
22-06-2016,21.853683031536058
23-06-2016,32.66863855
24-06-2016,22.32099268473851
25-06-2016,16.463210212035264
26-06-2016,19.417377800256705
27-06-2016,31.179058100034695
28-06-2016,24.220509110316662
29-06-2016,22.258563517546996
30-06-2016,25.80009112926394
01-07-2016,27.508913680837725
02-07-2016,30.586994079512305
03-07-2016,32.24249614946463
04-07-2016,23.20115677105457
05-07-2016,18.36976156958981
06-07-2016,22.93267419438362
07-07-2016,26.30140253291443
08-07-2016,20.181205368946944
09-07-2016,20.214245425524787
10-07-2016,26.718939407749428
11-07-2016,24.756738242147744
12-07-2016,25.163984977057932
13-07-2016,21.207523326499654
14-07-2016,23.847996428971165
15-07-2016,20.378834278658477
16-07-2016,29.450992055623935
17-07-2016,30.176246673618763
18-07-2016,15.769060688809532
19-07-2016,20.35244569903795
20-07-2016,17.517353724549604
21-07-2016,21.74988032796551
22-07-2016,24.582810151048196
23-07-2016,17.75177390150735
24-07-2016,20.390700934373434
25-07-2016,19.980213139592507
26-07-2016,26.03633664699472
27-07-2016,25.34672168518125
28-07-2016,21.391312233313734
29-07-2016,25.88410436069699
30-07-2016,22.266599577063673
31-07-2016,23.641724448369732
01-08-2016,33.36726045149268
02-08-2016,31.70230525895174
03-08-2016,18.502093815362013
04-08-2016,29.148662089395874
05-08-2016,29.05698277245796
06-08-2016,19.25868355623691
07-08-2016,29.093888218774303
08-08-2016,32.68965959206277
09-08-2016,19.38727596877793
10-08-2016,20.412485894928682
11-08-2016,30.08830733421751
12-08-2016,26.35747655412824
13-08-2016,27.757381376197618
14-08-2016,26.702946082002484
15-08-2016,26.95347960464072
16-08-2016,18.367639358444585
17-08-2016,30.23658853310724
18-08-2016,30.84794996213887
19-08-2016,23.85304627965986
20-08-2016,24.78261525093069
21-08-2016,17.34446248722139
22-08-2016,27.571273780089175
23-08-2016,27.86028720857072
24-08-2016,24.689044915003446
25-08-2016,30.621766799352514
26-08-2016,23.329613845100297
27-08-2016,27.823029629468003
28-08-2016,19.901678306539424
29-08-2016,24.88223924562881
30-08-2016,24.12822871048582
31-08-2016,26.12653961020471
01-09-2016,23.152365355833208
02-09-2016,24.34263702164166
03-09-2016,29.13023585720753
04-09-2016,22.81617881380891
05-09-2016,16.967114496306603
06-09-2016,33.74791952
07-09-2016,31.907270393452432
08-09-2016,18.538686524471906
09-09-2016,28.448539026225973
10-09-2016,22.485126147243285
11-09-2016,26.317436076655298
12-09-2016,26.47112064506747
13-09-2016,23.82796099841839
14-09-2016,21.081171672068017
15-09-2016,21.547294738418703
16-09-2016,20.41904042259379
17-09-2016,20.840888958847778
18-09-2016,24.664108549753223
19-09-2016,21.421200054446242
20-09-2016,28.410260328563098
21-09-2016,32.436230776679636
22-09-2016,22.099733793149785
23-09-2016,26.197022502676884
24-09-2016,27.498425551514668
25-09-2016,27.360011354596374
26-09-2016,25.379776339580438
27-09-2016,28.713412091798613
28-09-2016,27.411244763403285
29-09-2016,18.81168788836351
30-09-2016,29.345780321946364
01-10-2016,29.436454186333712
02-10-2016,21.183569479107092
03-10-2016,25.18968917723801
04-10-2016,28.416644964055347
05-10-2016,23.953430902103193
06-10-2016,30.364890238830057
07-10-2016,36.81936247
08-10-2016,21.070069836825088
09-10-2016,18.094776984231125
10-10-2016,26.51909297802438
11-10-2016,28.607812525630717
12-10-2016,23.845668130776154
13-10-2016,32.266303316605175
14-10-2016,18.306971001383758
15-10-2016,28.464593115158056
16-10-2016,21.970695896205534
17-10-2016,33.59688953103648
18-10-2016,34.962576765840595
19-10-2016,21.16671706108326
20-10-2016,22.25221432
21-10-2016,29.29793943489901
22-10-2016,23.064346751052426
23-10-2016,24.77294391033881
24-10-2016,25.12694210271205
25-10-2016,15.401634219011719
26-10-2016,24.930811269528814
27-10-2016,21.55136112967913
28-10-2016,22.53438588800114
29-10-2016,32.21816001734407
30-10-2016,18.717465528603718
31-10-2016,29.066025933739887
01-11-2016,23.605185348340957
02-11-2016,23.601199157520828
03-11-2016,28.951859480258555
04-11-2016,26.70025647284445
05-11-2016,27.853064986097657
06-11-2016,29.840923302664304
07-11-2016,23.343458084083387
08-11-2016,21.938816327461247
09-11-2016,19.574247367211008
10-11-2016,20.872947350105225
11-11-2016,39.745472126543625
12-11-2016,31.22339790368393
13-11-2016,18.244628168959892
14-11-2016,18.38771021628215
15-11-2016,27.40933030859246
16-11-2016,27.736323986889836
17-11-2016,27.744419176586824
18-11-2016,23.72522103223151
19-11-2016,24.372728699985498
20-11-2016,26.639397620796785
21-11-2016,25.429465031466652
22-11-2016,13.903498136262325
23-11-2016,23.85100184712403
24-11-2016,20.742967828698433
25-11-2016,25.87605709454256
26-11-2016,39.926295013017054
27-11-2016,26.83740832737152
28-11-2016,23.43235156913801
29-11-2016,29.60900750988626
30-11-2016,27.413439436046062
01-12-2016,27.100472452259208
02-12-2016,28.034252966078355
03-12-2016,35.28271782414771
04-12-2016,19.34555782337042
05-12-2016,27.368160384057273
06-12-2016,20.368094350092306
07-12-2016,27.77756323171124
08-12-2016,20.40656744256953
09-12-2016,22.91316593197458
10-12-2016,23.524550428810468
11-12-2016,29.879083596723547
12-12-2016,29.59227221971207
13-12-2016,18.771413117768077
14-12-2016,25.274670554999243
15-12-2016,21.452100726254137
16-12-2016,18.707475446623327
17-12-2016,23.914914747878147
18-12-2016,23.457586057720903
19-12-2016,37.13358243172761
20-12-2016,27.16479912680348
21-12-2016,18.111912496228815
22-12-2016,22.176129979145287
23-12-2016,30.106916477146992
24-12-2016,35.442213864349625
25-12-2016,17.070083438810208
26-12-2016,15.600378074304775
27-12-2016,34.35482587685891
28-12-2016,26.94807088685452
29-12-2016,20.65853634061817
30-12-2016,27.673145430612177
31-12-2016,11.82126130491561
01-01-2017,25.016877532985806
02-01-2017,26.639105864215427
03-01-2017,29.62135069768915
04-01-2017,19.930520238537312
05-01-2017,25.428435807016797
06-01-2017,20.37287686970206
07-01-2017,26.276918778371584
08-01-2017,20.52326838818488
09-01-2017,22.959495804198898
10-01-2017,20.020923026048855
11-01-2017,28.255681209118286
12-01-2017,29.29225558328333
13-01-2017,23.826897150212933
14-01-2017,25.191189974800142
15-01-2017,17.75704292683228
16-01-2017,23.501616759966065
17-01-2017,24.748976914791275
18-01-2017,38.103965455149876
19-01-2017,19.440164871129184
20-01-2017,32.320886193762185
21-01-2017,29.98429386732904
22-01-2017,26.403182022450682
23-01-2017,33.79310242097567
24-01-2017,26.860527363034315
25-01-2017,26.945795978339643
26-01-2017,24.734396734912274
27-01-2017,31.117844412093138
28-01-2017,30.482346169054416
29-01-2017,21.871613562518938
30-01-2017,18.40376402700616
31-01-2017,23.985096813021716
01-02-2017,20.999807178011768
02-02-2017,24.682377126923225
03-02-2017,31.187190673420695
04-02-2017,22.71349172456605
05-02-2017,24.785883093442127
06-02-2017,25.290113674041976
07-02-2017,29.242154411026423
08-02-2017,13.765553330076974
09-02-2017,21.966498526173517
10-02-2017,26.056418461397364
11-02-2017,31.000394782134308
12-02-2017,22.540487762468974
13-02-2017,15.61723646979063
14-02-2017,28.098557229830682
15-02-2017,21.823188055871853
16-02-2017,19.051666704548193
17-02-2017,21.87827305143388
18-02-2017,24.07737321172075
19-02-2017,21.976276677308938
20-02-2017,13.972169714504654
21-02-2017,29.485330984435663
22-02-2017,31.374375206393612
23-02-2017,28.25760995669753
24-02-2017,19.311571647875915
25-02-2017,23.99254233026241
26-02-2017,24.96739342385271
27-02-2017,27.993971947809552
28-02-2017,28.341702443590403
01-03-2017,21.32913100610752
02-03-2017,25.409977782067802
03-03-2017,27.286402023076207
04-03-2017,32.279111610733835
05-03-2017,28.522532699123616
06-03-2017,28.945283436877595
07-03-2017,25.419133139646803
08-03-2017,32.05229572601752
09-03-2017,27.048813979797487
10-03-2017,20.694560449132148
11-03-2017,32.01684985062595
12-03-2017,28.489516362695138
13-03-2017,22.784779894357587
14-03-2017,22.602535163003783
15-03-2017,26.48287772570381
16-03-2017,27.315923976337924
17-03-2017,25.986461328156032
18-03-2017,26.556543367214424
19-03-2017,33.49978687
20-03-2017,30.35771576117443
21-03-2017,25.95317795632512
22-03-2017,29.706552903837416
23-03-2017,19.837380482362303
24-03-2017,26.989635249734043
25-03-2017,34.04653174866555
26-03-2017,23.90977052303813
27-03-2017,20.761830356904575
28-03-2017,21.73955556
29-03-2017,19.55183481328806
30-03-2017,21.076190459361484
31-03-2017,23.147459507049856
01-04-2017,17.97216490410679
02-04-2017,25.078091669748016
03-04-2017,29.511385868933235
04-04-2017,20.4612191
05-04-2017,32.59641961820884
06-04-2017,27.553960442637973
07-04-2017,30.152902928120287
08-04-2017,21.710827230739316
09-04-2017,29.272626135333077
10-04-2017,19.540330498023437
11-04-2017,29.451237504182544
12-04-2017,25.859196698967658
13-04-2017,27.76625609992392
14-04-2017,19.12202697187574
15-04-2017,20.524650788616977
16-04-2017,27.986141091266923
17-04-2017,20.258259978878996
18-04-2017,27.316031460495616
19-04-2017,18.16431096769877
20-04-2017,29.24087106333334
21-04-2017,18.837383426157455
22-04-2017,27.761499688397617
23-04-2017,28.128154668230003
24-04-2017,21.516140907852126
25-04-2017,27.910132835423635
26-04-2017,26.30221131666778
27-04-2017,22.30579071903631
28-04-2017,19.95722657961896
29-04-2017,15.186871541637105
30-04-2017,26.748250236498468
01-05-2017,17.175986143189725
02-05-2017,25.47672099720654
03-05-2017,23.682758919588753
04-05-2017,28.39571387719098
05-05-2017,23.48977250255068
06-05-2017,23.35276106826454
07-05-2017,28.659353521441478
08-05-2017,26.675290145420586
09-05-2017,26.58077978591389
10-05-2017,27.34633794904263
11-05-2017,17.32213938396447
12-05-2017,28.78394339993491
13-05-2017,28.06234397006801
14-05-2017,19.916584357117515
15-05-2017,23.779597631628995
16-05-2017,24.803463561861843
17-05-2017,24.327516077991337
18-05-2017,26.669299832842672
19-05-2017,32.15683390915592
20-05-2017,30.408833638364143
21-05-2017,18.43890403284297
22-05-2017,28.110349951530242
23-05-2017,31.64466659767705
24-05-2017,26.934042603446013
25-05-2017,30.454902125929834
26-05-2017,35.06135222850382
27-05-2017,30.118547730534907
28-05-2017,26.246542978208645
29-05-2017,30.225442370423767
30-05-2017,25.724439165484455
31-05-2017,25.119515216424777
01-06-2017,23.242928821431338
02-06-2017,32.81706679416054
03-06-2017,20.907856670289995
04-06-2017,32.66183862339058
05-06-2017,27.49932061870186
06-06-2017,18.003469125990293
07-06-2017,26.83824646495711
08-06-2017,14.49986746174188
09-06-2017,28.12754008415518
10-06-2017,29.426157414944953
11-06-2017,22.03822022173973
12-06-2017,25.617738479777913
13-06-2017,34.77078716875143
14-06-2017,22.471266478690318
15-06-2017,19.705462064716997
16-06-2017,32.40831701231299
17-06-2017,34.81293595265397
18-06-2017,25.018478359239236
19-06-2017,30.05731517704178
20-06-2017,31.707379577654407
21-06-2017,21.28757883730808
22-06-2017,22.57347082316066
23-06-2017,31.154372565773674
24-06-2017,33.425071393542545
25-06-2017,27.814404300871775
26-06-2017,20.60092823248973
27-06-2017,34.935305558497205
28-06-2017,22.345145510940178
29-06-2017,23.32431109414274
30-06-2017,26.711689172448107
01-07-2017,32.77080210357387
02-07-2017,29.269879882761117
03-07-2017,27.074327501809552
04-07-2017,27.31644265059053
05-07-2017,25.21757334321733
06-07-2017,27.79069757259253
07-07-2017,12.352199611528485
08-07-2017,23.516962704651007
09-07-2017,26.206609674583905
10-07-2017,19.244929581902465
11-07-2017,26.93161659
12-07-2017,23.97764389506939
13-07-2017,33.77737849157745
14-07-2017,32.865098626074285
15-07-2017,22.670972154409185
16-07-2017,24.245811442166524
17-07-2017,24.630262171958037
18-07-2017,22.741702619201888
19-07-2017,25.975124920140633
20-07-2017,21.20858965556205
21-07-2017,19.346923325312368
22-07-2017,28.113556119501343
23-07-2017,28.147647921109055
24-07-2017,20.978421201700037
25-07-2017,29.476777153812996
26-07-2017,21.842111354173344
27-07-2017,26.265826190189905
28-07-2017,29.10172006306228
29-07-2017,24.831937176481436
30-07-2017,27.27370456070567
31-07-2017,22.417851780562142
01-08-2017,24.017667082859514
02-08-2017,23.970702845598296
03-08-2017,21.267108267298806
04-08-2017,24.11612918442109
05-08-2017,17.256908505681267
06-08-2017,22.544231264289476
07-08-2017,23.575622533151645
08-08-2017,23.71910124
09-08-2017,23.792512770646105
10-08-2017,24.691179000699357
11-08-2017,27.39720759043032
12-08-2017,29.372585370662613
13-08-2017,21.751173865758666
14-08-2017,18.983995723054278
15-08-2017,19.789777938784486
16-08-2017,22.563985394025366
17-08-2017,23.240393410917456
18-08-2017,21.150019669012714
19-08-2017,18.519416678750527
20-08-2017,22.71939586262906
21-08-2017,25.907133100569858
22-08-2017,27.975147329177823
23-08-2017,22.212884734458395
24-08-2017,22.93501088928283
25-08-2017,20.366508455763444
26-08-2017,24.842804148126117
27-08-2017,20.757856829045927
28-08-2017,27.86563907
29-08-2017,16.070667540329445
30-08-2017,23.20185163773769
31-08-2017,26.50553669595871
01-09-2017,25.91917258161252
02-09-2017,38.46516831990248
03-09-2017,26.749000122839536
04-09-2017,19.979727015789948
05-09-2017,24.522678764554634
06-09-2017,16.11876833266774
07-09-2017,24.597001253516197
08-09-2017,20.834719714996208
09-09-2017,29.57695137780081
10-09-2017,22.252298627022327
11-09-2017,24.416170421023768
12-09-2017,21.822210792977984
13-09-2017,33.69425675926666
14-09-2017,23.39378616941044
15-09-2017,34.16278521739601
16-09-2017,29.070758810591332
17-09-2017,27.41033363667693
18-09-2017,26.84366574
19-09-2017,26.968986491081257
20-09-2017,15.36163710327195
21-09-2017,23.60558302924622
22-09-2017,29.225789855921608
23-09-2017,24.75551408262947
24-09-2017,17.974050765982124
25-09-2017,24.73797774711265
26-09-2017,33.520527581277456
27-09-2017,31.234458577673596
28-09-2017,24.689979953169843
29-09-2017,29.757246385290433
30-09-2017,23.16746489815974
01-10-2017,16.480642065866405
02-10-2017,20.377670059352226
03-10-2017,32.81444384254099
04-10-2017,23.63003459085348
05-10-2017,23.78308010312491
06-10-2017,23.500809018625596
07-10-2017,34.52068294786503
08-10-2017,33.12979457681031
09-10-2017,36.09390116724067
10-10-2017,24.204773947999744
11-10-2017,26.478122443735476
12-10-2017,17.416787252896043
13-10-2017,32.38467213059137
14-10-2017,19.161102243660324
15-10-2017,26.083877818813146
16-10-2017,19.51348736183578
17-10-2017,22.05566586630652
18-10-2017,20.81368784
19-10-2017,21.96062369662091
20-10-2017,22.304386484255108
21-10-2017,22.258656025374613
22-10-2017,29.166669558901535
23-10-2017,19.47568603
24-10-2017,26.102707135069334
25-10-2017,31.089795761527792
26-10-2017,22.43401817743302
27-10-2017,21.41040554626199
28-10-2017,23.847376874098746
29-10-2017,30.898626041803553
30-10-2017,25.97053815476679
31-10-2017,22.343928526962006
01-11-2017,27.419383255940197
02-11-2017,19.488539250817883
03-11-2017,28.40679755221474
04-11-2017,27.043036538508836
05-11-2017,23.46095764430558
06-11-2017,20.807071007763845
07-11-2017,20.566595388582712
08-11-2017,27.674086681729552
09-11-2017,31.14490251244531
10-11-2017,21.813461264856027
11-11-2017,27.29193351775742
12-11-2017,14.564864906989657
13-11-2017,22.076911346714002
14-11-2017,24.84470533564549
15-11-2017,20.45158291509083
16-11-2017,20.31746812605202
17-11-2017,21.661102217655568
18-11-2017,26.460963641631867
19-11-2017,24.063354907968126
20-11-2017,13.808843833375139
21-11-2017,14.396499236824669
22-11-2017,21.965674110714122
23-11-2017,27.28843293026776
24-11-2017,11.262475786373827
25-11-2017,22.501349119241848
26-11-2017,22.368760717412894
27-11-2017,31.94168889104224
28-11-2017,23.074890941435683
29-11-2017,26.914944923704642
30-11-2017,25.706285700437316
01-12-2017,14.347167600963997
02-12-2017,28.841036083158688
03-12-2017,26.07698252728144
04-12-2017,27.54134319837295
05-12-2017,44.63118853218163
06-12-2017,14.579435302507058
07-12-2017,33.62348324880554
08-12-2017,23.56276240299822
09-12-2017,26.436644522015047
10-12-2017,24.77243877349379
11-12-2017,22.878818333009782
12-12-2017,22.150835358806205
13-12-2017,26.647543677865045
14-12-2017,17.414131516641604
15-12-2017,28.75289583760883
16-12-2017,22.91902797557373
17-12-2017,19.34965330479821
18-12-2017,22.74993571002093
19-12-2017,31.285746084312862
20-12-2017,22.323324564918885
21-12-2017,26.79226809
22-12-2017,21.34521862142263
23-12-2017,28.78960925
24-12-2017,28.42753869395102
25-12-2017,34.24304416648206
26-12-2017,24.122180272503922
27-12-2017,28.343274023789533
28-12-2017,25.490337697694724
29-12-2017,31.47935890931507
30-12-2017,21.40583806195635
31-12-2017,28.725026564386404
01-01-2018,24.026513519416593
02-01-2018,24.679059114457512
03-01-2018,25.458762422241865
04-01-2018,26.261201982133386
05-01-2018,24.41885478439021
06-01-2018,26.073565915852633
07-01-2018,32.89059028781092
08-01-2018,29.92724842807609
09-01-2018,29.34577296248448
10-01-2018,22.722302369880648
11-01-2018,20.55379585885838
12-01-2018,29.776502791188765
13-01-2018,29.380233962648973
14-01-2018,32.36335337875491
15-01-2018,21.98009687015385
16-01-2018,23.852256723198266
17-01-2018,16.802579187372828
18-01-2018,23.037644469695636
19-01-2018,29.982852552897235
20-01-2018,22.66752310385901
21-01-2018,28.20239897600412
22-01-2018,24.047484470010943
23-01-2018,26.620285141107804
24-01-2018,19.261543050921663
25-01-2018,25.426047248169507
26-01-2018,10.044320145496384
27-01-2018,24.065519209190075
28-01-2018,16.84763378
29-01-2018,31.029972582734082
30-01-2018,28.887036763822557
31-01-2018,27.333354909830405
01-02-2018,32.60503114
02-02-2018,20.255417395875813
03-02-2018,33.73681598957779
04-02-2018,29.660957821301924
05-02-2018,23.81722356390527
06-02-2018,30.67810073591472
07-02-2018,19.46853243794183
08-02-2018,20.87742919236163
09-02-2018,21.95705138
10-02-2018,22.355111459679925
11-02-2018,19.717211786198735
12-02-2018,31.115415335476627
13-02-2018,23.70572799815084
14-02-2018,26.762524841784398
15-02-2018,22.148243167931597
16-02-2018,15.896983497257414
17-02-2018,26.35028679195711
18-02-2018,15.438725122901115
19-02-2018,24.656829769572656
20-02-2018,18.15842480583595
21-02-2018,34.93637999615404
22-02-2018,29.556813610873608
23-02-2018,25.528768956357403
24-02-2018,31.318533388273345
25-02-2018,20.768420112671322
26-02-2018,27.717396893350465
27-02-2018,25.99905216859357
28-02-2018,26.32010040666835
01-03-2018,31.361767500533837
02-03-2018,28.66246051389901
03-03-2018,26.443618314125118
04-03-2018,16.72556281885852
05-03-2018,20.199768523602682
06-03-2018,24.38645533202138
07-03-2018,25.466861871383255
08-03-2018,19.34898137663038
09-03-2018,37.058383377892106
10-03-2018,32.58197027626787
11-03-2018,28.010591601962417
12-03-2018,25.360184306418724
13-03-2018,23.93895515049424
14-03-2018,20.24040769988882
15-03-2018,25.387402592594313
16-03-2018,26.288762700713754
17-03-2018,18.79119712259188
18-03-2018,26.670882086224488
19-03-2018,24.223704755876255
20-03-2018,15.460962210613046
21-03-2018,20.69807494610249
22-03-2018,22.931972332891778
23-03-2018,34.43843828670095
24-03-2018,27.78276562266879
25-03-2018,18.322592154500544
26-03-2018,27.430181447088184
27-03-2018,17.26348005530817
28-03-2018,30.413455269435367
29-03-2018,22.64437674091061
30-03-2018,24.531819056304144
31-03-2018,31.62898323771095
01-04-2018,18.56418215707875
02-04-2018,18.014409074435044
03-04-2018,22.082003368269977
04-04-2018,30.191894255096585
05-04-2018,17.403269622615788
06-04-2018,10.839222009447155
07-04-2018,22.744205707955008
08-04-2018,27.758704
09-04-2018,31.001308748694147
10-04-2018,22.684193189573005
11-04-2018,22.942866964419988
12-04-2018,30.769503671278734
13-04-2018,15.651291501522897
14-04-2018,23.057396124084953
15-04-2018,25.95211944962529
16-04-2018,27.24609360642517
17-04-2018,22.450966534045588
18-04-2018,25.172205058529208
19-04-2018,12.558363232935053
20-04-2018,21.70875793833076
21-04-2018,27.26754356277234
22-04-2018,20.088529828726603
23-04-2018,25.294921107947985
24-04-2018,27.23436250401349
25-04-2018,23.287253995711175
26-04-2018,25.852318854982855
27-04-2018,20.186337173576938
28-04-2018,23.966943601519766
29-04-2018,28.051080847946114
30-04-2018,25.784864804842172
01-05-2018,22.067343652180323
02-05-2018,26.121082021453965
03-05-2018,28.57304895318309
04-05-2018,14.75029360711261
05-05-2018,30.79537032477949
06-05-2018,23.31872630659464
07-05-2018,27.12744966620115
08-05-2018,30.98623461822614
09-05-2018,18.14163151384767
10-05-2018,21.452794987862266
11-05-2018,23.557256520621475
12-05-2018,21.081232394377857
13-05-2018,33.67468287918404
14-05-2018,20.716139530866037
15-05-2018,22.222266102565666
16-05-2018,26.021945158014884
17-05-2018,18.989252369619557
18-05-2018,23.02159644121868
19-05-2018,26.587266306250875
20-05-2018,23.335697978087445
21-05-2018,24.53306570550026
22-05-2018,22.353339437758144
23-05-2018,17.427648454096165
24-05-2018,26.607966056696192
25-05-2018,33.774665358236206
26-05-2018,25.09200815391719
27-05-2018,26.126320586237746
28-05-2018,28.463613775584296
29-05-2018,18.653347517266504
30-05-2018,33.51257329064803
31-05-2018,26.01164398211401
01-06-2018,33.15928449544555
02-06-2018,21.334835022380055
03-06-2018,34.09030961278913
04-06-2018,28.875777470173915
05-06-2018,27.765200429261792
06-06-2018,26.17012227176574
07-06-2018,23.757356909627752
08-06-2018,31.00265829236936
09-06-2018,25.701799349240236
10-06-2018,15.164651482064238
11-06-2018,19.414067691464986
12-06-2018,24.070771239036265
13-06-2018,26.549994915827774
14-06-2018,24.71705755550052
15-06-2018,31.094853948968314
16-06-2018,15.244490679806876
17-06-2018,25.717939682525802
18-06-2018,15.910103873064227
19-06-2018,28.79856147742084
20-06-2018,24.527706427789987
21-06-2018,27.09804986012059
22-06-2018,20.68058519705117
23-06-2018,31.397324658288756
24-06-2018,30.208623320294258
25-06-2018,27.917721515059437
26-06-2018,24.352413765682797
27-06-2018,27.899286426475662
28-06-2018,21.465537160063256
29-06-2018,29.27777829510356
30-06-2018,33.24740447
01-07-2018,30.35305279989593
02-07-2018,21.351987650962954
03-07-2018,26.807086586365514
04-07-2018,18.53429228120676
05-07-2018,27.861951555878377
06-07-2018,27.253017064312694
07-07-2018,15.65091830233918
08-07-2018,19.19108078043818
09-07-2018,23.584305516281166
10-07-2018,23.495701264295867
11-07-2018,18.952615322905974
12-07-2018,26.944893646760917
13-07-2018,26.25736804470256
14-07-2018,24.028654340107405
15-07-2018,21.221042499208185
16-07-2018,30.243535632082818
17-07-2018,33.27703556544148
18-07-2018,22.582192580767316
19-07-2018,21.939165414225897
20-07-2018,27.456038327059982
21-07-2018,23.209853101265068
22-07-2018,24.30301399668383
23-07-2018,28.698265758623357
24-07-2018,15.453219562463536
25-07-2018,31.591511624263347
26-07-2018,25.363402621646706
27-07-2018,22.94253428
28-07-2018,24.553829228892756
29-07-2018,24.812146775102594
30-07-2018,16.343993482775375
31-07-2018,32.47469113726618
01-08-2018,25.20662816135309
02-08-2018,27.215010652236877
03-08-2018,29.757748852870215
04-08-2018,19.894187712198498
05-08-2018,27.367359495176142
06-08-2018,23.661794545506034
07-08-2018,29.23385387608247
08-08-2018,14.363862898242523
09-08-2018,24.504528498793654
10-08-2018,21.98589672108019
11-08-2018,27.161314753170778
12-08-2018,27.350220936841012
13-08-2018,21.46187052588987
14-08-2018,21.43913067911978
15-08-2018,24.446673157213354
16-08-2018,20.516788863423958
17-08-2018,29.209918477260636
18-08-2018,23.15396399776277
19-08-2018,10.465058903391792
20-08-2018,23.12588971689097
21-08-2018,19.80728089578014
22-08-2018,16.843620922695273
23-08-2018,18.812866808887136
24-08-2018,25.547042359164852
25-08-2018,31.643204141241156
26-08-2018,26.565922369324902
27-08-2018,21.967483058921303
28-08-2018,27.279520975853515
29-08-2018,22.70454844890504
30-08-2018,21.526998154184277
31-08-2018,19.228186658835078
01-09-2018,16.240855966241405
02-09-2018,23.050381467202772
03-09-2018,25.79026744960066
04-09-2018,24.51688164992555
05-09-2018,22.920165360263205
06-09-2018,20.271269696516093
07-09-2018,28.041230958424844
08-09-2018,18.414340400267076
09-09-2018,28.880139569217377
10-09-2018,19.988914905366375
11-09-2018,21.237823813234826
12-09-2018,17.666074046921615
13-09-2018,22.492989265571815
14-09-2018,29.876562292389895
15-09-2018,27.578140442219784
16-09-2018,29.892110560140175
17-09-2018,27.61071272966968
18-09-2018,19.481650857348153
19-09-2018,23.346053878362213
20-09-2018,21.099004354412685
21-09-2018,31.65287452
22-09-2018,19.01605676786844
23-09-2018,29.468488446945553
24-09-2018,29.464769350543847
25-09-2018,34.14810100858044
26-09-2018,22.951567036852513
27-09-2018,28.561610797900812
28-09-2018,36.40825918269421
29-09-2018,21.911791615331516
30-09-2018,17.32479876
01-10-2018,15.599949830461181
02-10-2018,28.563560144306656
03-10-2018,15.58424895970708
04-10-2018,23.138404735310385
05-10-2018,27.186565935194803
06-10-2018,25.92587768414957
07-10-2018,27.12722432092086
08-10-2018,26.11144927900427
09-10-2018,31.394329066566968
10-10-2018,20.238418096306013
11-10-2018,21.615024307707344
12-10-2018,21.13670277364588
13-10-2018,29.150959059313053
14-10-2018,29.501992941975317
15-10-2018,27.25612659659254
16-10-2018,30.917468334449637
17-10-2018,19.109795663118096
18-10-2018,33.336120557755685
19-10-2018,32.61619310856129
20-10-2018,28.678109986228733
21-10-2018,33.90899454
22-10-2018,16.71688396161113
23-10-2018,22.377759318686742
24-10-2018,21.32348269659024
25-10-2018,28.607396618786716
26-10-2018,19.749296301989272
27-10-2018,28.787475746687427
28-10-2018,31.852680719983567
29-10-2018,28.476014500419996
30-10-2018,26.418755118307505
31-10-2018,20.060633295496253
01-11-2018,20.765745169373176
02-11-2018,31.248094526483335
03-11-2018,28.896745019526662
04-11-2018,24.80490240311228
05-11-2018,22.91045227117055
06-11-2018,14.870960634443115
07-11-2018,19.645737906577807
08-11-2018,34.55709543569861
09-11-2018,18.597722144987667
10-11-2018,25.947399106105404
11-11-2018,30.03721986597599
12-11-2018,18.725386659988537
13-11-2018,25.923552373905416
14-11-2018,29.689577687553275
15-11-2018,25.06249660953625
16-11-2018,39.34201527833384
17-11-2018,16.65700370560902
18-11-2018,30.293642649419397
19-11-2018,24.135991313017676
20-11-2018,28.859600774183377
21-11-2018,27.20653575849623
22-11-2018,21.334219014450017
23-11-2018,26.14498196
24-11-2018,15.710492743008563
25-11-2018,28.016237502856967
26-11-2018,26.49079232995263
27-11-2018,28.19330084321551
28-11-2018,30.290591625435752
29-11-2018,26.838099201048554
30-11-2018,25.740447098991382
01-12-2018,20.59465831669354
02-12-2018,21.438896181754746
03-12-2018,30.933673100886654
04-12-2018,32.18167702852989
05-12-2018,23.80944781843973
06-12-2018,25.230013736266372
07-12-2018,20.47692812503117
08-12-2018,30.863784226337224
09-12-2018,28.32708411845889
10-12-2018,34.70608718231875
11-12-2018,20.608384614101304
12-12-2018,23.109960504908916
13-12-2018,26.157229612627862
14-12-2018,28.232447688628852
15-12-2018,23.92166181226184
16-12-2018,20.635194547731498
17-12-2018,29.407037644617855
18-12-2018,28.605676812727907
19-12-2018,20.418629497181374
20-12-2018,31.77721400552748
21-12-2018,30.85099354598302
22-12-2018,25.671482486238965
23-12-2018,25.39798931188018
24-12-2018,27.770288855579537
25-12-2018,20.69148464871871
26-12-2018,25.15015739582041
27-12-2018,14.23808228
28-12-2018,29.38227822751468
29-12-2018,17.192533887790702
30-12-2018,32.51709914214499
31-12-2018,23.349399530167748
01-01-2019,23.941665090344117
02-01-2019,21.86133046957747
03-01-2019,23.55980563038962
04-01-2019,32.092656725740184
05-01-2019,12.560956717324602
06-01-2019,31.384826930440937
07-01-2019,26.69011740550854
08-01-2019,18.964891760713922
09-01-2019,19.62343803475381
10-01-2019,33.38196513604102
11-01-2019,20.272465600286345
12-01-2019,19.233247447020204
13-01-2019,30.686572711823647
14-01-2019,26.692764381429573
15-01-2019,20.310372117318007
16-01-2019,26.083124877023096
17-01-2019,19.871236581798613
18-01-2019,30.504106992113027
19-01-2019,30.30685482436567
20-01-2019,27.660030994109714
21-01-2019,26.808305306235084
22-01-2019,33.80594062433687
23-01-2019,24.998431636941127
24-01-2019,19.090629372895993
25-01-2019,27.247369564161534
26-01-2019,35.43023524768557
27-01-2019,19.92620253407074
28-01-2019,23.19268616653007
29-01-2019,27.082230190507264
30-01-2019,24.730475754971305
31-01-2019,20.088482098113428
01-02-2019,30.609289281152353
02-02-2019,36.60020361
03-02-2019,25.980657295119535
04-02-2019,20.47965855
05-02-2019,17.255197374732624
06-02-2019,26.289879906105906
07-02-2019,30.519386716581288
08-02-2019,27.375838732476907
09-02-2019,24.98798079540573
10-02-2019,22.053641741053468
11-02-2019,19.53918183640955
12-02-2019,29.17375663162441
13-02-2019,29.568858106927927
14-02-2019,17.271351066546334
15-02-2019,32.94919489090342
16-02-2019,27.870356104470005
17-02-2019,31.997973225728966
18-02-2019,18.289361257574424
19-02-2019,18.170879222922807
20-02-2019,24.255153451163515
21-02-2019,27.51392213447597
22-02-2019,33.98180411463482
23-02-2019,28.530394569075657
24-02-2019,23.786593615939832
25-02-2019,19.86815396167054
26-02-2019,31.150002863595752
27-02-2019,20.176472871246425
28-02-2019,33.14234277386161
01-03-2019,23.578076751967455
02-03-2019,32.95291036308925
03-03-2019,28.39465645029639
04-03-2019,24.31502255278771
05-03-2019,22.403018140869367
06-03-2019,23.29546061
07-03-2019,27.141583461876188
08-03-2019,25.385782481088583
09-03-2019,22.030942959656475
10-03-2019,24.17184294841184
11-03-2019,25.39288514859575
12-03-2019,14.35632952792594
13-03-2019,27.290840573943495
14-03-2019,20.101393876415965
15-03-2019,19.233337983971275
16-03-2019,16.56327826444645
17-03-2019,16.03053751066055
18-03-2019,18.222762484438555
19-03-2019,21.45489521184755
20-03-2019,34.76629568763284
21-03-2019,22.37060162052398
22-03-2019,25.888750531340158
23-03-2019,27.002406932531642
24-03-2019,25.655325931079243
25-03-2019,24.612782696370033
26-03-2019,19.023531182003776
27-03-2019,32.25463774139606
28-03-2019,34.03598321818943
29-03-2019,16.58670652938657
30-03-2019,19.87985705
31-03-2019,23.60094828811497
01-04-2019,20.177311025449043
02-04-2019,27.529827767279325
03-04-2019,21.358638987966934
04-04-2019,35.825280339033014
05-04-2019,30.95274297171798
06-04-2019,26.062870153161075
07-04-2019,30.13493131659866
08-04-2019,30.529502121786543
09-04-2019,22.180262559708783
10-04-2019,20.918913777290175
11-04-2019,25.390715314848237
12-04-2019,29.308180622489722
13-04-2019,25.695301993267087
14-04-2019,17.115017589045014
15-04-2019,20.985877780245787
16-04-2019,24.63013568202811
17-04-2019,24.62167197837085
18-04-2019,34.86271088394904
19-04-2019,18.07006028800501
20-04-2019,27.527946209179373
21-04-2019,32.44556554164145
22-04-2019,36.35724872711398
23-04-2019,22.978012884080194
24-04-2019,27.457147263600998
25-04-2019,27.848801785993235
26-04-2019,25.977408657766453
27-04-2019,24.50577399380347
28-04-2019,27.17987694750023
29-04-2019,12.338769573901573
30-04-2019,28.410347450313157
01-05-2019,25.630889518309836
02-05-2019,23.887625516108674
03-05-2019,35.23431097859779
04-05-2019,21.625329906047238
05-05-2019,22.984620054674846
06-05-2019,34.95776651102367
07-05-2019,20.839693475750718
08-05-2019,22.249423585317306
09-05-2019,24.26487288284575
10-05-2019,29.203672410647748
11-05-2019,26.039012536766567
12-05-2019,18.536873264238686
13-05-2019,22.33915718436405
14-05-2019,21.963227833938944
15-05-2019,24.613894773884773
16-05-2019,27.129218293149144
17-05-2019,27.09102877943986
18-05-2019,16.11994122975799
19-05-2019,30.319704937804282
20-05-2019,26.262844229983116
21-05-2019,31.92266023796953
22-05-2019,27.22099163645336
23-05-2019,30.50661478867881
24-05-2019,27.332726557250634
25-05-2019,31.73112878101374
26-05-2019,27.611253180088895
27-05-2019,24.51042376778548
28-05-2019,36.36217360223441
29-05-2019,29.44518561139946
30-05-2019,27.868722105022066
31-05-2019,18.61847791730832
01-06-2019,18.55846191268231
02-06-2019,26.463577410709267
03-06-2019,25.727605988841205
04-06-2019,21.929387174958418
05-06-2019,25.7049135
06-06-2019,32.94313464021798
07-06-2019,28.477012372751492
08-06-2019,19.294957451236307
09-06-2019,24.442455864285282
10-06-2019,20.975167595737197
11-06-2019,23.061500417957195
12-06-2019,22.931921671851786
13-06-2019,22.611772086979975
14-06-2019,18.724323140133023
15-06-2019,24.36172659240905
16-06-2019,22.19696181576345
17-06-2019,10.35275654998866
18-06-2019,35.26486012250832
19-06-2019,30.44384827108336
20-06-2019,23.11849637537502
21-06-2019,25.094095248702992
22-06-2019,19.14172826341219
23-06-2019,33.47861438905433
24-06-2019,34.486443473865556
25-06-2019,25.783468641232623
26-06-2019,30.117653220926723
27-06-2019,25.87643389466962
28-06-2019,18.316372805620347
29-06-2019,22.940883155181712
30-06-2019,25.659639833859785
01-07-2019,22.72726140628278
02-07-2019,23.90673361282482
03-07-2019,24.54300221245443
04-07-2019,24.595607510672693
05-07-2019,25.261292452487417
06-07-2019,19.696974668016995
07-07-2019,21.41491925436032
08-07-2019,18.577078671500153
09-07-2019,29.889077748431003
10-07-2019,14.471765290798377
11-07-2019,30.767951716584626
12-07-2019,31.931746986314216
13-07-2019,23.48909706508689
14-07-2019,11.984314560863506
15-07-2019,23.193447190163546
16-07-2019,24.679079193555904
17-07-2019,19.947008900355435
18-07-2019,22.423908030958785
19-07-2019,32.65097599431676
20-07-2019,28.324635811508706
21-07-2019,20.37717943
22-07-2019,17.01200415202284
23-07-2019,23.364913411951143
24-07-2019,23.93271610324781
25-07-2019,27.480995936816583
26-07-2019,22.323416437161704
27-07-2019,27.557497876809308
28-07-2019,34.675770200301145
29-07-2019,29.077505112221314
30-07-2019,24.759557463346137
31-07-2019,24.084247644733527
01-08-2019,23.216634329100643
02-08-2019,30.903204562260722
03-08-2019,21.863432770243485
04-08-2019,25.22611354499991
05-08-2019,25.255989509405428
06-08-2019,22.49107903594234
07-08-2019,18.137672260579496
08-08-2019,26.61487251808834
09-08-2019,24.694980140723082
10-08-2019,27.50120234718285
11-08-2019,22.331998467804166
12-08-2019,31.10410649406524
13-08-2019,20.616131093940776
14-08-2019,33.56020142008946
15-08-2019,16.261817450858693
16-08-2019,27.173850322784457
17-08-2019,27.377153412633117
18-08-2019,21.02221466029559
19-08-2019,27.12196968930506
20-08-2019,31.397593348800793
21-08-2019,13.915905803229677
22-08-2019,27.51372403745407
23-08-2019,12.533645898349612
24-08-2019,20.17167598238396
25-08-2019,33.145831824504725
26-08-2019,22.09108983303973
27-08-2019,19.130600177955138
28-08-2019,24.010311355076592
29-08-2019,35.339531690817765
30-08-2019,15.84158876396987
31-08-2019,19.743450441803276
01-09-2019,32.48715841589813
02-09-2019,34.288511717688664
03-09-2019,24.48284387854858
04-09-2019,18.80473648736679
05-09-2019,35.479217509045796
06-09-2019,32.97221195874599
07-09-2019,28.394734938811165
08-09-2019,20.93798826
09-09-2019,24.754853295809816
10-09-2019,24.198199594775847
11-09-2019,26.65425652307789
12-09-2019,32.255007190656684
13-09-2019,29.397085205687016
14-09-2019,19.613119615076208
15-09-2019,31.882482250097688
16-09-2019,26.565660700065777
17-09-2019,28.43532897929458
18-09-2019,32.33270429639302
19-09-2019,19.442098752432244
20-09-2019,24.820872106467686
21-09-2019,22.342727243203925
22-09-2019,17.16070287317272
23-09-2019,26.733549888024598
24-09-2019,37.55778275792212
25-09-2019,15.799611277471236
26-09-2019,24.83859694475265
27-09-2019,28.20271467537387
28-09-2019,25.615391008280906
29-09-2019,24.434359737421296
30-09-2019,18.503918182770878
01-10-2019,26.163933714700818
02-10-2019,21.21618011492037
03-10-2019,14.050391475107233
04-10-2019,30.972961102568654
05-10-2019,29.79192909921021
06-10-2019,25.25830488
07-10-2019,26.145373441028514
08-10-2019,30.371590063577806
09-10-2019,26.121698283890414
10-10-2019,29.520087773806573
11-10-2019,23.51258899563075
12-10-2019,31.559918692869733
13-10-2019,26.603928629663418
14-10-2019,25.97025971802937
15-10-2019,18.64969455643984
16-10-2019,26.434779271508543
17-10-2019,20.840225412527744
18-10-2019,21.808586367357528
19-10-2019,20.923121858419393
20-10-2019,19.668825340503876
21-10-2019,35.62385701508481
22-10-2019,31.656695309942016
23-10-2019,34.60183751072131
24-10-2019,18.88552490222218
25-10-2019,25.356268749554463
26-10-2019,18.53246187397952
27-10-2019,21.52152561401468
28-10-2019,20.409365082917127
29-10-2019,31.197920032207808
30-10-2019,23.01885161
31-10-2019,30.34189666847008
01-11-2019,28.02060444794259
02-11-2019,36.51819376052394
03-11-2019,17.60277888430138
04-11-2019,31.296166198933996
05-11-2019,30.732204352003638
06-11-2019,20.133105809864826
07-11-2019,30.03566668
08-11-2019,26.680724815131143
09-11-2019,23.86261870023296
10-11-2019,20.880322565140002
11-11-2019,21.40445274275407
12-11-2019,35.24906047892963
13-11-2019,25.003414094787413
14-11-2019,28.910650007657296
15-11-2019,21.045503091662233
16-11-2019,21.100735268891807
17-11-2019,30.40992404624971
18-11-2019,18.25211894224234
19-11-2019,22.923931160473643
20-11-2019,25.17013705536116
21-11-2019,25.556863009200264
22-11-2019,24.10453357491922
23-11-2019,26.979098905479617
24-11-2019,28.464278779089057
25-11-2019,28.67318772729665
26-11-2019,20.07098095666087
27-11-2019,23.579224510356013
28-11-2019,30.97381430938469
29-11-2019,29.47323593786936
30-11-2019,18.13570274259468
01-12-2019,26.757399501761007
02-12-2019,15.108873753125948
03-12-2019,25.234674510301847
04-12-2019,34.48883508372988
05-12-2019,20.260536413655068
06-12-2019,20.82838477254209
07-12-2019,28.820148907864297
08-12-2019,17.285992423951768
09-12-2019,21.836224850574805
10-12-2019,27.982205687908763
11-12-2019,21.828570761552985
12-12-2019,23.820150063945142
13-12-2019,28.720928551575174
14-12-2019,27.107730417682806
15-12-2019,26.33409198147701
16-12-2019,23.304388603649805
17-12-2019,26.850305576344777
18-12-2019,24.381336599501218
19-12-2019,27.289028049628925
20-12-2019,22.51533987441011
21-12-2019,24.087155128102296
22-12-2019,20.05021103723993
23-12-2019,24.82496194996882
24-12-2019,20.944995681855776
25-12-2019,19.429767749190034
26-12-2019,26.293305739276942
27-12-2019,26.063698879288303
28-12-2019,28.914368674742864
29-12-2019,22.844372152124507
30-12-2019,27.04026423418378
31-12-2019,27.753987861368316
01-01-2020,27.223869039157975
02-01-2020,20.871731585989288
03-01-2020,25.746817411355945
04-01-2020,26.820701480273307
05-01-2020,25.03589233453971
06-01-2020,14.567611708144577
07-01-2020,25.80244812
08-01-2020,36.06265519698621
09-01-2020,23.199803656215085
10-01-2020,21.359614510723393
11-01-2020,26.86674279855699
12-01-2020,26.561891052332857
13-01-2020,30.96367582708207
14-01-2020,18.71065922045556
15-01-2020,28.65690126287496
16-01-2020,27.952110306257318
17-01-2020,24.28926731529727
18-01-2020,26.69343658960845
19-01-2020,30.147287407991787
20-01-2020,29.361576900142254
21-01-2020,19.284903439631357
22-01-2020,29.10079093377742
23-01-2020,24.676556974837407
24-01-2020,25.364370490077576
25-01-2020,25.36598495500847
26-01-2020,24.24878506
27-01-2020,30.958537485535324
28-01-2020,24.58141020075394
29-01-2020,19.402269358084155
30-01-2020,23.032350720151356
31-01-2020,25.893473584052376
01-02-2020,31.146073921485254
02-02-2020,28.01547342474417
03-02-2020,20.74732360626478
04-02-2020,37.425949583394456
05-02-2020,26.32387655
06-02-2020,31.376953689995073
07-02-2020,24.241427832113853
08-02-2020,27.666796223527246
09-02-2020,29.197342522592024
10-02-2020,31.09097355877128
11-02-2020,30.286841526891124
12-02-2020,29.360985000364888
13-02-2020,23.424566344029458
14-02-2020,22.14126979021969
15-02-2020,26.663037551620988
16-02-2020,29.665640361705346
17-02-2020,23.886396496116966
18-02-2020,30.325859828571932
19-02-2020,32.263083727430896
20-02-2020,20.418395404632903
21-02-2020,20.815396481018603
22-02-2020,24.298124705473317
23-02-2020,26.538063340945982
24-02-2020,22.377164931164746
25-02-2020,31.76101339433572
26-02-2020,27.120334307592255
27-02-2020,25.197235241203696
28-02-2020,17.82045238065736
29-02-2020,18.420920917862464
01-03-2020,26.405046251409033
02-03-2020,14.337021869225818
03-03-2020,30.063187048220357
04-03-2020,24.209230778138398
05-03-2020,41.215464847973664
06-03-2020,36.539581253080556
07-03-2020,24.092754653762416
08-03-2020,24.468314987343426
09-03-2020,29.97790757001015
10-03-2020,33.51586304959019
11-03-2020,16.809854712819917
12-03-2020,16.06812267322657
13-03-2020,21.889825972228092
14-03-2020,27.91368791586932
15-03-2020,27.484367952537987
16-03-2020,30.34885727491925
17-03-2020,19.001512358173457
18-03-2020,13.419280685155616
19-03-2020,29.290070976510727
20-03-2020,20.859018635173825
21-03-2020,14.90756067805681
22-03-2020,25.725318729796907
23-03-2020,28.965878441093388
24-03-2020,24.389714339393613
25-03-2020,22.710758069087554
26-03-2020,24.203188839270467
27-03-2020,23.147086187996084
28-03-2020,18.259764440299165
29-03-2020,21.426596615047842
30-03-2020,27.606399525069072
31-03-2020,26.60839271
01-04-2020,25.84029903
02-04-2020,20.024257590733104
03-04-2020,24.092484189321663
04-04-2020,14.114674767785726
05-04-2020,25.892383319426948
06-04-2020,32.14428853906784
07-04-2020,17.62933933978947
08-04-2020,22.070361633411224
09-04-2020,26.64553389355065
10-04-2020,31.264213172137417
11-04-2020,22.758876918499254
12-04-2020,21.538748353670517
13-04-2020,15.155384287919585
14-04-2020,25.51719064654053
15-04-2020,35.21038020071872
16-04-2020,26.38679230982338
17-04-2020,24.888605104081435
18-04-2020,26.61041155383493
19-04-2020,24.94453998025699
20-04-2020,20.93492813869935
21-04-2020,29.116399578388528
22-04-2020,26.12880761555877
23-04-2020,25.088066259668288
24-04-2020,20.12316986360875
25-04-2020,31.517539659673794
26-04-2020,28.32351372666555
27-04-2020,22.23539581316349
28-04-2020,30.009124268409685
29-04-2020,22.512145808073964
30-04-2020,21.089982537444815
01-05-2020,21.201484412598564
02-05-2020,16.144657234559546
03-05-2020,27.35771190209103
04-05-2020,15.84427560830825
05-05-2020,18.857780843671186
06-05-2020,14.622059954607334
07-05-2020,24.569651536045534
08-05-2020,24.24839769864064
09-05-2020,23.36651893406818
10-05-2020,19.787111526647116
11-05-2020,19.13883123
12-05-2020,27.32184931773287
13-05-2020,22.247240341457562
14-05-2020,26.581791607680724
15-05-2020,20.573756569378887
16-05-2020,25.905313713855413
17-05-2020,31.516390186580317
18-05-2020,27.930829001963918
19-05-2020,22.937930908917597
20-05-2020,26.285994851779638
21-05-2020,23.796674127348936
22-05-2020,25.03940092347364
23-05-2020,23.371944739257483
24-05-2020,24.178323970573043
25-05-2020,26.060466765370876
26-05-2020,20.033206502090245
27-05-2020,19.920605865050106
28-05-2020,18.057287230843944
29-05-2020,16.99864447748145
30-05-2020,18.913586538897604
31-05-2020,25.797312534020644
01-06-2020,20.53606242254058
02-06-2020,27.56807232115548
03-06-2020,25.17356874376281
04-06-2020,15.157478932809731
05-06-2020,28.274877921108448
06-06-2020,29.05399322795855
07-06-2020,20.030686625825734
08-06-2020,27.10095771447496
09-06-2020,20.717508812954005
10-06-2020,25.48835188374168
11-06-2020,18.67750796522517
12-06-2020,16.034467737327116
13-06-2020,23.085914051935156
14-06-2020,24.381355268625818
15-06-2020,23.01160153192698
16-06-2020,19.07984721
17-06-2020,23.000504689344314
18-06-2020,26.34647376290367
19-06-2020,24.775534849387316
20-06-2020,25.91250515299607
21-06-2020,21.649423997728835
22-06-2020,30.858589573580797
23-06-2020,19.119133317226098
24-06-2020,27.437801485433592
25-06-2020,30.90945546479981
26-06-2020,27.40454046374448
27-06-2020,23.98737886467585
28-06-2020,22.358514766685104
29-06-2020,30.18043825523128
30-06-2020,17.885125373691636
01-07-2020,20.14937869810178
02-07-2020,23.01221117254139
03-07-2020,31.18826878755999
04-07-2020,26.89883818020448
05-07-2020,20.159771207448774
06-07-2020,23.448461473075483
07-07-2020,21.92838427951853
08-07-2020,21.451055038832326
09-07-2020,29.894447792783897
10-07-2020,18.141284353682472
11-07-2020,33.04390427867187
12-07-2020,29.141148450923115
13-07-2020,30.45430835301849
14-07-2020,22.68530243987371
15-07-2020,24.250296404604452
16-07-2020,17.83424092737644
17-07-2020,22.376687964665983
18-07-2020,27.468274238215756
19-07-2020,31.48031530890698
20-07-2020,19.464215915987744
21-07-2020,23.17247031507367
22-07-2020,24.24350389883739
23-07-2020,18.021053989037576
24-07-2020,27.95674621
25-07-2020,21.380048341286955
26-07-2020,24.02304824411488
27-07-2020,22.74025314044061
28-07-2020,21.053307471401627
29-07-2020,24.964775072597227
30-07-2020,23.92195210715989
31-07-2020,23.140710588606673
01-08-2020,21.357691891598286
02-08-2020,26.597623353914777
03-08-2020,33.26808634246142
04-08-2020,25.699436164195635
05-08-2020,29.980591074555644
06-08-2020,18.048890374232688
07-08-2020,25.78880719646885
08-08-2020,19.513158405144665
09-08-2020,17.615375362340494
10-08-2020,21.30314296270482
11-08-2020,30.959496672067864
12-08-2020,29.750079143348227
13-08-2020,26.21502361
14-08-2020,17.336497200550347
15-08-2020,24.018596743060314
16-08-2020,26.50850004450868
17-08-2020,25.87768114789299
18-08-2020,15.78103208259627
19-08-2020,20.54841075990064
20-08-2020,24.679611179256415
21-08-2020,27.68145454758595
22-08-2020,14.019360894500268
23-08-2020,24.189380122600706
24-08-2020,25.71524384939476
25-08-2020,29.248059942581065
26-08-2020,28.464287921187182
27-08-2020,27.912856594044026
28-08-2020,21.00029746649033
29-08-2020,15.459989314383462
30-08-2020,23.034736214692995
31-08-2020,30.00815913
01-09-2020,31.96727263762216
02-09-2020,28.552745511488926
03-09-2020,27.14670411400867
04-09-2020,26.898198241929826
05-09-2020,22.219406266196096
06-09-2020,24.34969853
07-09-2020,33.34534762913165
08-09-2020,20.287209971040618
09-09-2020,33.07389395354926
10-09-2020,23.38985922753971
11-09-2020,31.62716054547539
12-09-2020,17.96592495251231
13-09-2020,27.929521005823247
14-09-2020,21.31614932026189
15-09-2020,17.923664040379062
16-09-2020,26.092670212054728
17-09-2020,30.047358942979844
18-09-2020,20.775292807032518
19-09-2020,17.504920197707996
20-09-2020,24.540776178325224
21-09-2020,24.562823356114095
22-09-2020,27.741598137772492
23-09-2020,29.747972856822443
24-09-2020,24.70292409363753
25-09-2020,34.27751657397131
26-09-2020,26.12117372267646
27-09-2020,23.267867469965502
28-09-2020,16.94216320448586
29-09-2020,23.68670239841916
30-09-2020,23.31806527294432
01-10-2020,29.80152398140735
02-10-2020,27.31241812033427
03-10-2020,19.103154391836913
04-10-2020,25.86127193205519
05-10-2020,28.357655858645266
06-10-2020,32.640156796939166
07-10-2020,29.437519837070298
08-10-2020,28.80423327155739
09-10-2020,25.30042997307582
10-10-2020,26.941560027117248
11-10-2020,31.247524503530794
12-10-2020,18.33611301260175
13-10-2020,23.25280336391522
14-10-2020,21.137156256218795
15-10-2020,26.89576559363062
16-10-2020,31.151110878253938
17-10-2020,22.01512856639463
18-10-2020,13.04847816265281
19-10-2020,22.93889627487765
20-10-2020,29.567368660087034
21-10-2020,27.688149514749398
22-10-2020,27.140931239052883
23-10-2020,23.600033490627602
24-10-2020,18.604846318901068
25-10-2020,27.576471608122336
26-10-2020,20.828590949826875
27-10-2020,35.920483666902285
28-10-2020,27.85253604177258
29-10-2020,22.096758487230247
30-10-2020,21.94307376305686
31-10-2020,24.535278966932058
01-11-2020,23.80249038989125
02-11-2020,30.584168877649773
03-11-2020,25.932080848720233
04-11-2020,21.341841305457358
05-11-2020,34.45220342577891
06-11-2020,25.246541657601114
07-11-2020,28.844198379844485
08-11-2020,21.958867462776205
09-11-2020,26.815578138722618
10-11-2020,26.555549955715975
11-11-2020,15.551753539519236
12-11-2020,35.076375552303205
13-11-2020,31.453222304612737
14-11-2020,23.01402341927006
15-11-2020,19.488651297720722
16-11-2020,26.73780806901776
17-11-2020,25.433488497071984
18-11-2020,26.778344742816145
19-11-2020,25.957886980970446
20-11-2020,27.53120494652963
21-11-2020,32.23652849695903
22-11-2020,27.840516025643232
23-11-2020,19.751722505450296
24-11-2020,31.81281426356226
25-11-2020,33.20307281744144
26-11-2020,40.760283672560426
27-11-2020,19.38252983380201
28-11-2020,26.214410065751373
29-11-2020,14.589506484055065
30-11-2020,27.765745781896044
01-12-2020,22.258998509166137
02-12-2020,34.617228974124764
03-12-2020,21.12692514990709
04-12-2020,16.554084810163694
05-12-2020,22.6436813
06-12-2020,15.122561143914313
07-12-2020,28.75549727253655
08-12-2020,14.674584768718397
09-12-2020,25.142287905915794
10-12-2020,14.610940900719015
11-12-2020,23.39851097731679
12-12-2020,33.21689077902267
13-12-2020,26.803239457178975
14-12-2020,20.68253197517533
15-12-2020,24.84398255530458
16-12-2020,25.09008436022223
17-12-2020,27.36315172921703
18-12-2020,18.165708183595868
19-12-2020,27.962836369236655
20-12-2020,11.478041841986125
21-12-2020,21.850577238180946
22-12-2020,22.558630787742278
23-12-2020,28.166634130356194
24-12-2020,25.113154263384345
25-12-2020,17.972184730718567
26-12-2020,20.075034370914924
27-12-2020,25.993400047737033
28-12-2020,24.60466329067722
29-12-2020,22.104379451821266
30-12-2020,22.595831052440104
31-12-2020,28.480839985796443
01-01-2021,22.411537135653926
02-01-2021,24.559543779854632
03-01-2021,35.849682940402715
04-01-2021,17.881586815580384
05-01-2021,15.740786342126707
06-01-2021,28.917948323993034
07-01-2021,21.606784693529484
08-01-2021,23.40881236
09-01-2021,21.09421810934443
10-01-2021,23.700999296162436
11-01-2021,32.992690560481705
12-01-2021,29.010642293090598
13-01-2021,29.311117559434884
14-01-2021,17.918864721036773
15-01-2021,19.244231317235652
16-01-2021,10.804606702572865
17-01-2021,20.95309589458623
18-01-2021,29.783515931928292
19-01-2021,27.584732578741853
20-01-2021,23.892433685239382
21-01-2021,24.888498581409735
22-01-2021,21.55557228712297
23-01-2021,26.02379441200892
24-01-2021,28.829391397403075
25-01-2021,16.920566062947636
26-01-2021,26.49823843918674
27-01-2021,29.662174354773335
28-01-2021,22.924498555183153
29-01-2021,28.503503060602917
30-01-2021,39.07327222236276
31-01-2021,24.47828603506554
01-02-2021,26.966535250026617
02-02-2021,21.309714581693044
03-02-2021,25.90625581301025
04-02-2021,27.30135812491152
05-02-2021,25.97421170135069
06-02-2021,19.901523401455716
07-02-2021,26.031808856627254
08-02-2021,32.31097969358818
09-02-2021,27.243178822572638
10-02-2021,29.809935945359207
11-02-2021,23.814940149936863
12-02-2021,28.74950119711855
13-02-2021,26.396339191082628
14-02-2021,20.24544635156384
15-02-2021,26.592605023994373
16-02-2021,20.04151668279845
17-02-2021,21.83559862557604
18-02-2021,25.946641536461872
19-02-2021,26.48622136690062
20-02-2021,19.053837674614353
21-02-2021,30.26992885591438
22-02-2021,27.860031391502364
23-02-2021,21.47635782194558
24-02-2021,17.312076017754123
25-02-2021,24.275477104592845
26-02-2021,22.770281430694197
27-02-2021,25.565702285265115
28-02-2021,23.18441669422217
01-03-2021,14.962715696274952
02-03-2021,23.058265308494207
03-03-2021,23.471904444658435
04-03-2021,28.168305123870294
05-03-2021,21.50900162694475
06-03-2021,33.39337336686283
07-03-2021,15.441797246741215
08-03-2021,31.555837489013122
09-03-2021,23.878405145609477
10-03-2021,29.297924361717783
11-03-2021,25.399007420293664
12-03-2021,30.697777680127345
13-03-2021,23.063190177235946
14-03-2021,19.50689787411094
15-03-2021,32.10252143635532
16-03-2021,24.432596770589296
17-03-2021,26.107792368121054
18-03-2021,31.173759570223975
19-03-2021,19.840223789527826
20-03-2021,27.977454488196287
21-03-2021,22.050526217685544
22-03-2021,24.33915322177814
23-03-2021,25.361394826921444
24-03-2021,17.498890692765322
25-03-2021,21.105814785897827
26-03-2021,31.755364462065696
27-03-2021,29.43095594292398
28-03-2021,24.686802113363825
29-03-2021,26.215617292564467
30-03-2021,23.52878747181771
31-03-2021,31.78291692913991
01-04-2021,23.99823711102918
02-04-2021,26.15921046067424
03-04-2021,30.730150720710327
04-04-2021,21.113142575770468
05-04-2021,32.79394592248447
06-04-2021,17.347692951283115
07-04-2021,33.14821065556399
08-04-2021,23.136622080240127
09-04-2021,23.78650626087359
10-04-2021,15.549949144085286
11-04-2021,22.726026413111537
12-04-2021,19.80096734486558
13-04-2021,21.961768273132638
14-04-2021,24.31344517
15-04-2021,29.78895807236453
16-04-2021,26.038016757003128
17-04-2021,26.53838326700557
18-04-2021,19.522403055772187
19-04-2021,20.596229551986347
20-04-2021,33.993625091756556
21-04-2021,21.323994826183768
22-04-2021,33.28104126028648
23-04-2021,23.784694005595668
24-04-2021,25.01143968071752
25-04-2021,30.351825801149648
26-04-2021,31.359462109693283
27-04-2021,24.44593719860456
28-04-2021,23.058784732392304
29-04-2021,24.720397757388934
30-04-2021,26.689787641160592
01-05-2021,29.456518434348776
02-05-2021,25.02114929497076
03-05-2021,28.094431490115767
04-05-2021,33.19179866
05-05-2021,26.906548061323925
06-05-2021,26.55826428002389
07-05-2021,17.405445874549663
08-05-2021,11.846349315854683
09-05-2021,26.94187864615084
10-05-2021,24.52587884359564
11-05-2021,22.42608662542629
12-05-2021,26.217651020931722
13-05-2021,24.697981354015457
14-05-2021,30.638901253169493
15-05-2021,25.43055434129489
16-05-2021,21.265383574649164
17-05-2021,29.950831194796443
18-05-2021,23.91434462526899
19-05-2021,27.632683418361538
20-05-2021,22.612946469035997
21-05-2021,21.75086557251282
22-05-2021,25.42084115092848
23-05-2021,25.064143217718424
24-05-2021,27.399135176834164
25-05-2021,23.656771233451288
26-05-2021,15.818201081148013
27-05-2021,22.836130582058058
28-05-2021,28.96909233571908
29-05-2021,23.513119603784467
30-05-2021,23.76808298742726
31-05-2021,29.931882529529688
01-06-2021,21.440133863705388
02-06-2021,17.285983908785504
03-06-2021,24.196844402372527
04-06-2021,22.579130243756314
05-06-2021,20.16876840123373
06-06-2021,24.123107720506546
07-06-2021,27.45752823623392
08-06-2021,24.953557192160922
09-06-2021,26.53490536343119
10-06-2021,34.06703849257711
11-06-2021,23.28560569221218
12-06-2021,26.391743173223347
13-06-2021,22.453933187004328
14-06-2021,20.768201400565136
15-06-2021,22.07546173291115
16-06-2021,22.606207142391558
17-06-2021,26.797378987735627
18-06-2021,36.74537893350379
19-06-2021,21.41978282
20-06-2021,22.91687347192269
21-06-2021,24.68438493444376
22-06-2021,26.978994243548737
23-06-2021,26.317754059773925
24-06-2021,31.420478969740586
25-06-2021,12.86803964732396
26-06-2021,13.065350649021637
27-06-2021,22.520609139949254
28-06-2021,30.486500937718546
29-06-2021,17.17175984197202
30-06-2021,9.961838301531214
01-07-2021,27.855897031096042
02-07-2021,26.21828611851357
03-07-2021,19.548957966002853
04-07-2021,20.07230199639535
05-07-2021,20.15128140182663
06-07-2021,25.55267659
07-07-2021,21.868423619084965
08-07-2021,27.470319594877598
09-07-2021,10.726866685478045
10-07-2021,20.715740674361005
11-07-2021,19.36973019544475
12-07-2021,23.71829660813754
13-07-2021,22.309761207549307
14-07-2021,28.989218899478832
15-07-2021,15.703316141699712
16-07-2021,25.22745738165376
17-07-2021,27.791682116058528
18-07-2021,34.28323718280977
19-07-2021,22.591170144532626
20-07-2021,26.622293021762584
21-07-2021,15.980686037188175
22-07-2021,13.040218978434881
23-07-2021,29.22387188
24-07-2021,24.97219853175965
25-07-2021,30.892563448992114
26-07-2021,18.132985555151254
27-07-2021,27.599510697643762
28-07-2021,34.34408920271927
29-07-2021,27.09852804178633
30-07-2021,26.382907527955243
31-07-2021,25.04278040412175
01-08-2021,17.145592714370437
02-08-2021,31.77786467855174
03-08-2021,21.94571180097467
04-08-2021,27.522416281915085
05-08-2021,17.18482846714373
06-08-2021,19.10270168
07-08-2021,32.17543699611117
08-08-2021,23.263488555210785
09-08-2021,32.266377380212724
10-08-2021,24.60884670470741
11-08-2021,15.790511135210712
12-08-2021,29.460337998658602
13-08-2021,22.05053841122196
14-08-2021,28.493444067585216
15-08-2021,25.12605433770041
16-08-2021,17.284408860285648
17-08-2021,25.821473826852845
18-08-2021,35.981115710763994
19-08-2021,27.464932292572296
20-08-2021,24.712411234972684
21-08-2021,30.37671700978449
22-08-2021,26.053342326015553
23-08-2021,26.04767115131397
24-08-2021,19.541874139204488
25-08-2021,26.16924012894799
26-08-2021,30.177217082084724
27-08-2021,20.819689239499876
28-08-2021,32.122479106234735
29-08-2021,24.54146987927437
30-08-2021,20.561152442307296
31-08-2021,29.988160384601223
01-09-2021,23.566028821308652
02-09-2021,28.79757443743054
03-09-2021,23.541206838707314
04-09-2021,24.70086928235048
05-09-2021,27.46780102167146
06-09-2021,26.45448528795003
07-09-2021,15.022341097741307
08-09-2021,19.39378129952804
09-09-2021,29.64704992395408
10-09-2021,24.339317055492263
11-09-2021,22.381343486142892
12-09-2021,18.20712992371263
13-09-2021,19.60131839362076
14-09-2021,14.891006800190263
15-09-2021,24.493596406492337
16-09-2021,22.007812097094764
17-09-2021,20.167060545073426
18-09-2021,24.659382874160233
19-09-2021,26.81985315426369
20-09-2021,35.465989661049726
21-09-2021,17.440582902183934
22-09-2021,30.79690521650261
23-09-2021,29.86550780507536
24-09-2021,21.104536303116497
25-09-2021,26.016179772930155
26-09-2021,22.711833753311925
27-09-2021,25.928442902093696
28-09-2021,32.54565506702275
29-09-2021,28.028031163156566
30-09-2021,27.54304186616721
01-10-2021,22.848453400226788
02-10-2021,17.579716675378325
03-10-2021,23.95765894729796
04-10-2021,31.033040774319574
05-10-2021,17.36416071705176
06-10-2021,19.724553159116525
07-10-2021,25.63133868117034
08-10-2021,20.076726075763688
09-10-2021,21.03738276442394
10-10-2021,22.882007091359114
11-10-2021,18.171912979049253
12-10-2021,20.129390768918157
13-10-2021,28.517139583936544
14-10-2021,18.46315108884518
15-10-2021,17.010639327525812
16-10-2021,21.84987510233053
17-10-2021,28.65977751254923
18-10-2021,24.01539096001555
19-10-2021,22.677094609421907
20-10-2021,25.221793987578035
21-10-2021,16.27146283570174
22-10-2021,27.473528268875164
23-10-2021,26.91717515701822
24-10-2021,22.953457629521395
25-10-2021,30.029622558982084
26-10-2021,19.362519505234808
27-10-2021,30.639544966267845
28-10-2021,25.772468327976256
29-10-2021,23.317237050609133
30-10-2021,24.90063182315844
31-10-2021,24.46367617094529
01-11-2021,31.101414482088586
02-11-2021,19.61660436264493
03-11-2021,21.18740380426701
04-11-2021,30.18151446
05-11-2021,22.022325324080704
06-11-2021,29.50266538665796
07-11-2021,33.497179915043546
08-11-2021,22.99102486529183
09-11-2021,28.406811632876526
10-11-2021,19.23153859330071
11-11-2021,28.773666490339046
12-11-2021,25.997119929933834
13-11-2021,27.365191410801074
14-11-2021,21.772139639823024
15-11-2021,16.694582922164138
16-11-2021,27.516260323747524
17-11-2021,14.682984237602728
18-11-2021,23.413247538787324
19-11-2021,29.70590933209985
20-11-2021,25.95948867936518
21-11-2021,34.74171322394906
22-11-2021,30.125545762908867
23-11-2021,21.730508058372116
24-11-2021,25.136566899257193
25-11-2021,24.76314648727782
26-11-2021,17.089116183269365
27-11-2021,20.298005417578235
28-11-2021,22.19619547
29-11-2021,14.818897485720317
30-11-2021,25.237467341258213
01-12-2021,23.754640776734796
02-12-2021,16.63553049344213
03-12-2021,27.02106432638666
04-12-2021,28.579363723454797
05-12-2021,26.135172394324446
06-12-2021,23.37965912395515
07-12-2021,27.957210758759274
08-12-2021,28.401101802383454
09-12-2021,26.537017848598442
10-12-2021,20.876938747826195
11-12-2021,26.383003827555903
12-12-2021,30.977403254127395
13-12-2021,22.01685470694135
14-12-2021,35.489696695662154
15-12-2021,22.37184533007308
16-12-2021,25.162035066700682
17-12-2021,21.637572019968317
18-12-2021,26.116354179601306
19-12-2021,16.288891536823623
20-12-2021,22.269791005916396
21-12-2021,19.539393998257164
22-12-2021,25.676691739461454
23-12-2021,29.97223687754454
24-12-2021,28.230030935572756
25-12-2021,13.141703195705539
26-12-2021,35.21034826
27-12-2021,26.47639970310434
28-12-2021,21.1175043
29-12-2021,25.785639594954706
30-12-2021,25.880949112513463
31-12-2021,21.665756415242182
01-01-2022,25.98958333671038
02-01-2022,21.962638561898466
03-01-2022,22.978190036549886
04-01-2022,21.568604321224576
05-01-2022,17.836643551301737
06-01-2022,25.72918235107692
07-01-2022,27.92649718258169
08-01-2022,27.57441798038186
09-01-2022,29.09962626317617
10-01-2022,26.621701050074343
11-01-2022,22.33637250891548
12-01-2022,29.198319322155946
13-01-2022,18.212412300790326
14-01-2022,20.496643087437597
15-01-2022,20.178999642883777
16-01-2022,30.40028029569655
17-01-2022,29.71394257070038
18-01-2022,27.436526185224974
19-01-2022,30.359649326058985
20-01-2022,20.60358608794006
21-01-2022,26.742975599304902
22-01-2022,24.37412785808418
23-01-2022,29.23441051942457
24-01-2022,24.423878837239013
25-01-2022,23.075285557949595
26-01-2022,27.70454259280495
27-01-2022,29.380845835956166
28-01-2022,21.65827402576599
29-01-2022,24.69462164323812
30-01-2022,19.707796831791736
31-01-2022,12.509694912535302
01-02-2022,26.002298157068644
02-02-2022,28.04452678127316
03-02-2022,26.310334045433628
04-02-2022,15.252191411228164
05-02-2022,23.245752849617627
06-02-2022,13.908261199744594
07-02-2022,31.848505538270924
08-02-2022,19.569727089409568
09-02-2022,31.27701804729948
10-02-2022,29.72934821842073
11-02-2022,20.497048237319692
12-02-2022,19.336075243661277
13-02-2022,26.75185108193169
14-02-2022,20.778379814084644
15-02-2022,25.512423210791038
16-02-2022,22.58586204596541
17-02-2022,16.09420792767183
18-02-2022,13.847659904377705
19-02-2022,26.133421242472984
20-02-2022,22.192211268346874
21-02-2022,22.234550915429338
22-02-2022,28.479319195468925
23-02-2022,30.867211383162225
24-02-2022,23.637276393190955
25-02-2022,23.297006465450693
26-02-2022,27.500715165569417
27-02-2022,18.21532215150212
28-02-2022,26.115765273738486
01-03-2022,27.75942985911077
02-03-2022,28.401151042088145
03-03-2022,15.316236487487675
04-03-2022,21.193223650955296
05-03-2022,20.608683735882668
06-03-2022,25.499434772046065
07-03-2022,27.40372289883992
08-03-2022,32.483552037229906
09-03-2022,22.525172598159635
10-03-2022,22.512137508453932
11-03-2022,30.748360094393735
12-03-2022,26.482884692651524
13-03-2022,31.33825755593987
14-03-2022,26.44364001504918
15-03-2022,19.214416906433645
16-03-2022,18.334358226110968
17-03-2022,17.242438754705354
18-03-2022,28.310259173792367
19-03-2022,30.94298411543504
20-03-2022,34.24681071
21-03-2022,29.215526661616202
22-03-2022,30.814192887674928
23-03-2022,22.099918336731577
24-03-2022,19.21792091628072
25-03-2022,29.250396662087766
26-03-2022,27.088403761197004
27-03-2022,25.537221871704464
28-03-2022,26.93685740316495
29-03-2022,26.61592741229103
30-03-2022,31.41908429926781
31-03-2022,31.47492792408478
01-04-2022,27.721101761701735
02-04-2022,29.22901436281464
03-04-2022,27.57031276212388
04-04-2022,22.694151339826906
05-04-2022,28.78282337
06-04-2022,18.027524655703694
07-04-2022,30.269457761479416
08-04-2022,19.027385301169826
09-04-2022,26.429016433973665
10-04-2022,20.774230207869206
11-04-2022,27.766944915372132
12-04-2022,24.830373870360457
13-04-2022,17.026220209183336
14-04-2022,27.103498155092396
15-04-2022,22.110396115836448
16-04-2022,29.405733604066846
17-04-2022,25.006628443672035
18-04-2022,26.97710492694019
19-04-2022,20.21215522492394
20-04-2022,22.05333884286319
21-04-2022,22.706806819494577
22-04-2022,29.28351240121278
23-04-2022,33.386885439027445
24-04-2022,20.97414124128562
25-04-2022,30.38424072
26-04-2022,14.15161291137149
27-04-2022,19.029052994538553
28-04-2022,20.206107719066125
29-04-2022,18.237456552796388
30-04-2022,17.08205805
01-05-2022,27.064994560688987
02-05-2022,23.929661511360692
03-05-2022,26.897026988025548
04-05-2022,28.452363430607566
05-05-2022,26.32808496586267
06-05-2022,28.28881588075187
07-05-2022,24.652338568788654
08-05-2022,19.06503305847128
09-05-2022,30.28907090410398
10-05-2022,22.054439336094365
11-05-2022,20.32201850618787
12-05-2022,24.11041062097801
13-05-2022,20.435945403517437
14-05-2022,22.91284809005284
15-05-2022,26.720269607817333
16-05-2022,26.741708696230635
17-05-2022,20.510849667871852
18-05-2022,22.56147313525628
19-05-2022,30.371665023851218
20-05-2022,27.482000588669706
21-05-2022,35.37532519674271
22-05-2022,30.90064086870764
23-05-2022,30.721465342799696
24-05-2022,18.06065724772099
25-05-2022,28.819301758167114
26-05-2022,24.734465991515446
27-05-2022,22.245090982308753
28-05-2022,25.840076702662643
29-05-2022,29.72605767305742
30-05-2022,27.504157955021057
31-05-2022,20.60763099
01-06-2022,28.712294567963102
02-06-2022,21.81206228962018
03-06-2022,26.08341559482143
04-06-2022,23.48324966261433
05-06-2022,23.905668741321872
06-06-2022,28.831214875202548
07-06-2022,19.799031400920512
08-06-2022,34.72597537138466
09-06-2022,15.894569653527519
10-06-2022,22.011661583725715
11-06-2022,26.851059449708703
12-06-2022,27.92157083217655
13-06-2022,24.497621397141476
14-06-2022,24.713046484992287
15-06-2022,27.052750426638084
16-06-2022,23.84465261
17-06-2022,31.96590628967453
18-06-2022,29.19674557115801
19-06-2022,29.364121755028172
20-06-2022,20.169216383147916
21-06-2022,24.603057877971487
22-06-2022,23.497670256396482
23-06-2022,19.97199312155267
24-06-2022,26.800820919728835
25-06-2022,22.31177121110092
26-06-2022,28.277019149251185
27-06-2022,19.64904218552834
28-06-2022,33.59520306
29-06-2022,20.51833670703969
30-06-2022,26.09651168600218
01-07-2022,28.959296551940337
02-07-2022,22.146797848999437
03-07-2022,29.262343217164755
04-07-2022,18.85408201099792
05-07-2022,32.2605885
06-07-2022,25.070746324828793
07-07-2022,22.01794296
08-07-2022,23.50409113786283
09-07-2022,29.044596346963598
10-07-2022,22.077723540747808
11-07-2022,21.253211552886114
12-07-2022,23.89231701208131
13-07-2022,19.11518943615016
14-07-2022,34.10271953970908
15-07-2022,22.168027043926383
16-07-2022,29.158083930902016
17-07-2022,26.047350418238864
18-07-2022,20.07732974759016
19-07-2022,24.970226453936352
20-07-2022,28.92001389655374
21-07-2022,24.058693324568466
22-07-2022,30.96556472925514
23-07-2022,30.10757696390932
24-07-2022,29.59457427329165
25-07-2022,22.701716138635014
26-07-2022,19.600787761092565
27-07-2022,21.932061973186027
28-07-2022,25.981204703333603
29-07-2022,27.728933567661777
30-07-2022,14.142142976197762
31-07-2022,24.95943399194125
01-08-2022,25.790446126615922
02-08-2022,23.612278718422242
03-08-2022,31.456369195079397
04-08-2022,27.108900371254354
05-08-2022,31.550959540404484
06-08-2022,23.92019739824884
07-08-2022,29.687387462534623
08-08-2022,33.17533197263759
09-08-2022,31.558467246363307
10-08-2022,19.539292032856334
11-08-2022,23.731619612288096
12-08-2022,23.27417647275102
13-08-2022,27.44627267538164
14-08-2022,28.431767775072665
15-08-2022,20.80553662987132
16-08-2022,25.33919256958469
17-08-2022,14.900363339219318
18-08-2022,32.20972502900945
19-08-2022,22.43812879661653
20-08-2022,25.279319699222484
21-08-2022,23.451751430059694
22-08-2022,30.730137875067076
23-08-2022,10.812467793013106
24-08-2022,24.916948288370456
25-08-2022,24.47090621251151
26-08-2022,22.731818062041587
27-08-2022,33.63113272817816
28-08-2022,20.563352705721144
29-08-2022,28.858980886178305
30-08-2022,26.78126394353042
31-08-2022,31.307596262677578
01-09-2022,21.664054576112473
02-09-2022,21.335155504381206
03-09-2022,30.480349537386992
04-09-2022,27.126606541650553
05-09-2022,17.27531326661621
06-09-2022,22.30347492768365
07-09-2022,26.931913269240304
08-09-2022,29.188821107732945
09-09-2022,21.603846734035223
10-09-2022,10.428720050915295
11-09-2022,27.616115928685165
12-09-2022,18.898396550280122
13-09-2022,14.913306009387943
14-09-2022,10.838370375079297
15-09-2022,29.069904300988707
16-09-2022,25.643087252024834
17-09-2022,23.87171809643874
18-09-2022,31.94512181481381
19-09-2022,28.186623415115363
20-09-2022,33.08150021360959
21-09-2022,18.036322639165018
22-09-2022,24.82724688023018
23-09-2022,16.91643312525993
24-09-2022,23.853088340722664
25-09-2022,23.756920731166613
26-09-2022,28.133068186315356
27-09-2022,25.227819405709493
28-09-2022,28.11703569139958
29-09-2022,28.51720066569447
30-09-2022,35.77464338691571
01-10-2022,23.423516723569378
02-10-2022,20.294886496668106
03-10-2022,26.230418076582044
04-10-2022,20.988599864302284
05-10-2022,32.40980384218268
06-10-2022,23.583909805273837
07-10-2022,22.17211816063005
08-10-2022,22.64342139424441
09-10-2022,28.592087117358204
10-10-2022,24.211265083842573
11-10-2022,21.79166589934809
12-10-2022,33.32675958811765
13-10-2022,20.71915079669125
14-10-2022,25.17783037016497
15-10-2022,28.26153075805115
16-10-2022,16.843324447914632
17-10-2022,27.401302507029627
18-10-2022,19.72446162259775
19-10-2022,29.113913904170012
20-10-2022,20.18674494040512
21-10-2022,28.463845159244304
22-10-2022,30.529165331473564
23-10-2022,29.307182628164025
24-10-2022,26.256583241190512
25-10-2022,23.84349529
26-10-2022,22.11790211832578
27-10-2022,32.35517345408552
28-10-2022,21.502523899161783
29-10-2022,19.81466963215002
30-10-2022,28.32684467516415
31-10-2022,21.019315984067525
01-11-2022,20.249682512669363
02-11-2022,17.781978689151174
03-11-2022,22.585450802697412
04-11-2022,24.586424880517534
05-11-2022,26.215458638303495
06-11-2022,29.75653122149742
07-11-2022,27.634489618328967
08-11-2022,24.045638902234103
09-11-2022,24.00902162
10-11-2022,27.550787344575916
11-11-2022,31.362850814642847
12-11-2022,25.631570997416002
13-11-2022,22.654345728947956
14-11-2022,20.035669994572274
15-11-2022,17.773973677938873
16-11-2022,28.331348360217618
17-11-2022,27.889892618197784
18-11-2022,27.886817625533308
19-11-2022,24.35670276823972
20-11-2022,32.03467372945875
21-11-2022,22.57940752707591
22-11-2022,29.77634618603603
23-11-2022,24.806285525052285
24-11-2022,21.95824617660331
25-11-2022,27.962651536588808
26-11-2022,27.048180593419968
27-11-2022,26.78486379633463
28-11-2022,25.406392110280994
29-11-2022,24.810534591415845
30-11-2022,36.94185996435219
01-12-2022,30.921283225980865
02-12-2022,28.61413447492756
03-12-2022,25.55899579101694
04-12-2022,30.035786002983347
05-12-2022,27.58997388195726
06-12-2022,25.13102376387018
07-12-2022,23.482178373670425
08-12-2022,24.59541331168656
09-12-2022,9.147871320609722
10-12-2022,26.05300419648821
11-12-2022,22.557619599448202
12-12-2022,32.96334999141442
13-12-2022,25.09672035405877
14-12-2022,19.055182902325193
15-12-2022,24.750599229359413
16-12-2022,19.769394574687478
17-12-2022,27.367037078562333
18-12-2022,26.454736821697427
19-12-2022,29.78919815554134
20-12-2022,21.045591041527175
21-12-2022,25.170040481140735
22-12-2022,18.174891022866824
23-12-2022,28.507473909623574
24-12-2022,27.59435590220061
25-12-2022,27.479025105137854
26-12-2022,25.008095156784705
27-12-2022,27.073864453943955
28-12-2022,33.02169554154298
29-12-2022,23.57452871478993
30-12-2022,25.69322591855042
31-12-2022,19.56936850409295
01-01-2023,20.658695192008338
02-01-2023,25.489066465466536
03-01-2023,30.519667733509536
04-01-2023,23.71859587874214
05-01-2023,23.82041735343938
06-01-2023,22.965573777478127
07-01-2023,22.326216645778384
08-01-2023,26.474857278544107
09-01-2023,17.513711774106778
10-01-2023,31.40469788333364
11-01-2023,21.672888509352696
12-01-2023,28.609517427190706
13-01-2023,18.65000701303062
14-01-2023,28.34420065273109
15-01-2023,28.359723039072488
16-01-2023,26.921010360029484
17-01-2023,20.02785739100104
18-01-2023,26.247740947990387
19-01-2023,19.084719076328057
20-01-2023,23.736183724519073
21-01-2023,30.14706550477663
22-01-2023,28.98350963535371
23-01-2023,25.075914712702165
24-01-2023,20.12596712038579
25-01-2023,28.227938560870967
26-01-2023,25.096906188490127
27-01-2023,13.398422008847884
28-01-2023,28.913149131582593
29-01-2023,24.87883583065154
30-01-2023,31.01225623991536
31-01-2023,19.523647405785976
01-02-2023,9.116480934019997
02-02-2023,26.395419291725926
03-02-2023,26.457818383409865
04-02-2023,16.546641861967743
05-02-2023,20.10750227066697
06-02-2023,38.77608871859951
07-02-2023,23.471946929230985
08-02-2023,28.65479488188108
09-02-2023,21.746700863158082
10-02-2023,14.548485505734217
11-02-2023,24.148708766020473
12-02-2023,23.671977198569476
13-02-2023,23.000608806658143
14-02-2023,24.426795822468037
15-02-2023,26.32134135822818
16-02-2023,24.24941524373097
17-02-2023,18.67996916026318
18-02-2023,27.430923957809696
19-02-2023,15.253141223387884
20-02-2023,14.748212713578999
21-02-2023,28.69590247350784
22-02-2023,27.535101360676784
23-02-2023,24.71302317462982
24-02-2023,18.02275747622464
25-02-2023,21.460445296629622
26-02-2023,23.68626626156748
27-02-2023,17.020530157129432
28-02-2023,21.304856709883836
01-03-2023,28.261651690883397
02-03-2023,32.13652682144608
03-03-2023,22.90282623670725
04-03-2023,28.78244177158049
05-03-2023,15.429699647062664
06-03-2023,28.297256205568058
07-03-2023,20.980257926362594
08-03-2023,26.53672808353985
09-03-2023,23.761237908801455
10-03-2023,31.60207004891917
11-03-2023,20.62782175830041
12-03-2023,28.138031487809155
13-03-2023,23.60246268351733
14-03-2023,24.20847260995168
15-03-2023,24.08073053420395
16-03-2023,20.771634477529435
17-03-2023,24.92950517046664
18-03-2023,24.68675888939089
19-03-2023,26.206201242033647
20-03-2023,25.42252572846431
21-03-2023,28.98997274806118
22-03-2023,29.617543080236842
23-03-2023,19.746883390860994
24-03-2023,29.343862502953854
25-03-2023,19.068317864450727
26-03-2023,27.939279440688676
27-03-2023,28.098693923514343
28-03-2023,15.443415541687479
29-03-2023,25.46489623264705
30-03-2023,22.65751943319842
31-03-2023,21.206173710323124
01-04-2023,31.75426165349503
02-04-2023,21.731604296812904
03-04-2023,20.96811535440975
04-04-2023,25.378474700025468
05-04-2023,28.42794873149208
06-04-2023,24.291757069949366
07-04-2023,30.831852728346263
08-04-2023,27.654878309820454
09-04-2023,14.108943401342849
10-04-2023,22.35266518246496
11-04-2023,22.190789503241504
12-04-2023,27.39680476714711
13-04-2023,11.87591471812944
14-04-2023,37.74504854358861
15-04-2023,27.65513047447105
16-04-2023,25.744384019588455
17-04-2023,30.90783858209573
18-04-2023,36.71827026406312
19-04-2023,29.353733222942015
20-04-2023,29.74406548
21-04-2023,25.65345012232191
22-04-2023,24.29237123316526
23-04-2023,22.621022779975494
24-04-2023,20.86944004142729
25-04-2023,21.56492950150251
26-04-2023,18.247220178285083
27-04-2023,24.620642746574884
28-04-2023,16.576662113868068
29-04-2023,25.954582620718554
30-04-2023,24.81834695978829
01-05-2023,25.73467649193344
02-05-2023,22.38934214990004
03-05-2023,40.38430185090252
04-05-2023,31.800579500901563
05-05-2023,18.777287499576385
06-05-2023,26.16434043713449
07-05-2023,21.95996928531338
08-05-2023,19.92760136646293
09-05-2023,18.299639644380328
10-05-2023,27.16108345379627
11-05-2023,21.59309882465213
12-05-2023,29.839130120126022
13-05-2023,29.968911072652194
14-05-2023,31.869571926057247
15-05-2023,20.738066169629484
16-05-2023,27.376828053460052
17-05-2023,28.162271083211504
18-05-2023,22.629109124480177
19-05-2023,21.141140213035627
20-05-2023,33.047603328879866
21-05-2023,26.13747937866027
22-05-2023,28.17983875355869
23-05-2023,20.889619940860364
24-05-2023,18.90357766738903
25-05-2023,22.152751127539446
26-05-2023,24.379893063050016
27-05-2023,19.678899965913256
28-05-2023,24.950775956748085
29-05-2023,16.55747406
30-05-2023,19.39976288765064
31-05-2023,28.354556241384376
01-06-2023,28.018952601389472
02-06-2023,23.04061617306567
03-06-2023,19.911178454615236
04-06-2023,19.862982242369945
05-06-2023,23.13365877029343
06-06-2023,28.22259245822646
07-06-2023,29.641228456721624
08-06-2023,22.517341322590156
09-06-2023,19.23253787007608
10-06-2023,26.339218189331667
11-06-2023,20.882325146870752
12-06-2023,22.408736805693987
13-06-2023,31.626380452185188
14-06-2023,29.13557714282884
15-06-2023,25.789871561257257
16-06-2023,18.640404994436388
17-06-2023,26.056982837353296
18-06-2023,30.313286453937632
19-06-2023,23.121831671172323
20-06-2023,31.755570449933575
21-06-2023,31.463726447591036
22-06-2023,33.31866416071737
23-06-2023,26.526215632656765
24-06-2023,27.936958499030062
25-06-2023,32.07093644165545
26-06-2023,27.236969685344878
27-06-2023,22.493829461048936
28-06-2023,22.757285817360692
29-06-2023,26.192774768868695
30-06-2023,18.547192890268906
01-07-2023,24.283705423179036
02-07-2023,30.48273559115127
03-07-2023,14.043730744173594
04-07-2023,32.672410508972575
05-07-2023,30.61187109
06-07-2023,22.70117692084762
07-07-2023,27.716954139359046
08-07-2023,25.015738634531633
09-07-2023,31.149951842193417
10-07-2023,29.913415713849705
11-07-2023,17.999646384084954
12-07-2023,27.936312067320884
13-07-2023,23.97186073178376
14-07-2023,25.41416285
15-07-2023,21.35914049515092
16-07-2023,33.74068534560418
17-07-2023,30.20030909951288
18-07-2023,21.301144180135164
19-07-2023,18.326946965448837
20-07-2023,23.07163684511076
21-07-2023,27.17251323045653
22-07-2023,26.201029219731115
23-07-2023,31.26566412384122
24-07-2023,28.94959861090426
25-07-2023,29.847845128764533
26-07-2023,26.634277003052187
27-07-2023,18.05350634894505
28-07-2023,24.021507344265494
29-07-2023,30.300448699543328
30-07-2023,24.74238535737677
31-07-2023,27.515451843118733
01-08-2023,23.406258423769334
02-08-2023,19.850940757290775
03-08-2023,24.383279679769448
04-08-2023,26.54523721516327
05-08-2023,21.72156140269278
06-08-2023,23.82144377571666
07-08-2023,20.302683790070088
08-08-2023,30.59622458782048
09-08-2023,23.52772121205983
10-08-2023,32.263777725630916
11-08-2023,32.64373925270454
12-08-2023,24.594770176391282
13-08-2023,19.957756337263252
14-08-2023,14.570510611333313
15-08-2023,17.639814634866042
16-08-2023,18.13082588
17-08-2023,31.892348137307522
18-08-2023,25.57912293613473
19-08-2023,26.948022620459938
20-08-2023,13.89789495532437
21-08-2023,19.010167853913693
22-08-2023,29.435398882231436
23-08-2023,26.433870561912933
24-08-2023,24.263973606572012
25-08-2023,27.824211793000615
26-08-2023,33.17898903067908
27-08-2023,23.894787682314746
28-08-2023,25.346849013290345
29-08-2023,25.962984593656525
30-08-2023,36.96054817636996
31-08-2023,14.503218677904872
01-09-2023,28.41611507394404
02-09-2023,24.42598875620468
03-09-2023,27.833858630920897
04-09-2023,21.713137230026376
05-09-2023,24.75517484570775
06-09-2023,28.557052897327477
07-09-2023,40.56455101
08-09-2023,29.040180947010356
09-09-2023,20.759672009847456
10-09-2023,22.881201589886484
11-09-2023,22.73292945808073
12-09-2023,16.021784136849924
13-09-2023,23.349549041492814
14-09-2023,28.664145409108727
15-09-2023,18.628839404616024
16-09-2023,30.242413255252963
17-09-2023,27.43887410542169
18-09-2023,21.328833390144812
19-09-2023,24.292351813310763
20-09-2023,32.99160903820517
21-09-2023,28.66773906752933
22-09-2023,25.04391827449074
23-09-2023,23.811583415195077
24-09-2023,25.383045352258296
25-09-2023,22.44118221028848
26-09-2023,14.476252471404926
27-09-2023,35.210889552673656
28-09-2023,25.776624995997008
29-09-2023,26.990736325612687
30-09-2023,24.710461250615456
01-10-2023,21.32441599637706
02-10-2023,24.070377595256147
03-10-2023,17.003026189028443
04-10-2023,36.385432490266524
05-10-2023,18.827440007888022
06-10-2023,19.840168580764104
07-10-2023,22.798703978067998
08-10-2023,31.44037862426189
09-10-2023,25.07254499631327
10-10-2023,18.81932101984769
11-10-2023,31.271691803786698
12-10-2023,28.65500313392741
13-10-2023,27.692174786082262
14-10-2023,28.578671205854203
15-10-2023,36.97180950291225
16-10-2023,35.925474475180565
17-10-2023,21.56642328498352
18-10-2023,33.11942496405576
19-10-2023,26.91584095
20-10-2023,27.495479080688746
21-10-2023,16.538645841783357
22-10-2023,24.14807117305902
23-10-2023,20.935882048317175
24-10-2023,29.140294074466546
25-10-2023,30.355402502014023
26-10-2023,14.627568244918443
27-10-2023,24.88982567997865
28-10-2023,30.60930752397126
29-10-2023,24.066605188432774
30-10-2023,28.64531822501182
31-10-2023,26.755827338135422
01-11-2023,26.70830115976313
02-11-2023,23.643425109658512
03-11-2023,18.917095979321452
04-11-2023,19.392349262874863
05-11-2023,28.546762572276585
06-11-2023,25.097291277594415
07-11-2023,24.307438776963878
08-11-2023,22.880549788388237
09-11-2023,23.47405577259624
10-11-2023,30.234558972440695
11-11-2023,23.323779590659868
12-11-2023,18.294676433492157
13-11-2023,28.718258877700865
14-11-2023,23.975616680676413
15-11-2023,25.156979327663883
16-11-2023,33.03789153199755
17-11-2023,24.897197213247463
18-11-2023,26.445918365593627
19-11-2023,19.105382543508373
20-11-2023,23.90165274
21-11-2023,28.047630226043005
22-11-2023,17.223131330793787
23-11-2023,26.004225465578546
24-11-2023,25.50395536322403
25-11-2023,25.206437277937198
26-11-2023,30.185794493291215
27-11-2023,26.672192574242608
28-11-2023,32.39035949178222
29-11-2023,20.03205242202982
30-11-2023,25.67962283609174
01-12-2023,25.422333931949737
02-12-2023,19.65372753
03-12-2023,29.78147501045673
04-12-2023,36.62336652926409
05-12-2023,24.914969627580845
06-12-2023,27.525105441368837
07-12-2023,25.422592379076637
08-12-2023,21.432076650464122
09-12-2023,15.896198610989918
10-12-2023,21.471132584523176
11-12-2023,18.040208095241343
12-12-2023,33.52051039029559
13-12-2023,24.424451530383806
14-12-2023,23.270403354764145
15-12-2023,29.44576912393903
16-12-2023,19.39124448572056
17-12-2023,21.165679809977238
18-12-2023,25.340361346243107
19-12-2023,30.143844957117402
20-12-2023,27.50842522584394
21-12-2023,26.24162571257941
22-12-2023,25.39058867618008
23-12-2023,27.001179277633877
24-12-2023,26.008264525646272
25-12-2023,19.85013862611532
26-12-2023,25.230396108165756
27-12-2023,19.631556705411235
28-12-2023,25.40541271450412
29-12-2023,22.59676029255879
30-12-2023,37.696908113914304
31-12-2023,24.800528081241442
01-01-2024,17.978802168692056
02-01-2024,24.329098946615378
03-01-2024,27.59679372818944
04-01-2024,33.366819730762614
05-01-2024,22.05273800030641
06-01-2024,17.08786013
07-01-2024,29.084185057154905
08-01-2024,18.097006470501746
09-01-2024,22.819222792462575
10-01-2024,23.71189757244503
11-01-2024,24.65183273349946
12-01-2024,28.445822285371676
13-01-2024,21.58182858856806
14-01-2024,23.631353739166197
15-01-2024,24.928648235253057
16-01-2024,25.74798978759394
17-01-2024,25.489135873539613
18-01-2024,27.18002888
19-01-2024,29.219197548208687
20-01-2024,26.96317057825484
21-01-2024,27.267927617546093
22-01-2024,17.08888416626761
23-01-2024,25.251138495828403
24-01-2024,27.397537740008044
25-01-2024,28.64470597285225
26-01-2024,21.53824612883103
27-01-2024,21.704803625556774
28-01-2024,22.129496623582007
29-01-2024,27.682069499456716
30-01-2024,30.16940527462104
31-01-2024,22.96269946354199
01-02-2024,29.539811568135246
02-02-2024,25.61739904582297
03-02-2024,24.378571114187817
04-02-2024,23.943078850910155
05-02-2024,28.733056823010784
06-02-2024,26.62788908393535
07-02-2024,36.37912713823819
08-02-2024,20.738876785013378
09-02-2024,27.590508510149878
10-02-2024,22.353994950942436
11-02-2024,20.65356506505678
12-02-2024,24.94566431482514
13-02-2024,25.68676239703518
14-02-2024,39.59086777530047
15-02-2024,24.07927092158399
16-02-2024,19.349106352576584
17-02-2024,26.365053587471927
18-02-2024,14.626799812268159
19-02-2024,24.54021608697867
20-02-2024,25.080126411475803
21-02-2024,28.97300191472606
22-02-2024,29.868111247139232
23-02-2024,22.482151905461414
24-02-2024,24.246929926850335
25-02-2024,21.169395846946646
26-02-2024,19.35968722596153
27-02-2024,26.549473896903173
28-02-2024,18.632072257017004
29-02-2024,22.926865497140685
01-03-2024,20.024130200503812
02-03-2024,27.748415931451298
03-03-2024,34.00715049633244
04-03-2024,18.492060085983343
05-03-2024,15.734907585512154
06-03-2024,24.375565573249663
07-03-2024,25.07848897978879
08-03-2024,26.09329653378649
09-03-2024,22.768397423828276
10-03-2024,23.99680350587284
11-03-2024,26.83755205270301
12-03-2024,30.202154463224193
13-03-2024,15.224756148408586
14-03-2024,23.155302804842687
15-03-2024,26.069043969705316
16-03-2024,20.41011947694632
17-03-2024,33.65584816
18-03-2024,21.822950598856316
19-03-2024,24.793536564963585
20-03-2024,27.780110484211455
21-03-2024,22.043576055990528
22-03-2024,15.767134760977914
23-03-2024,22.856727365417335
24-03-2024,30.14720278
25-03-2024,23.315524366074307
26-03-2024,20.767828492705107
27-03-2024,29.628361047513607
28-03-2024,23.346125519884737
29-03-2024,22.449195931748914
30-03-2024,25.74728044831655
31-03-2024,28.853751048093937
01-04-2024,36.90856765866273
02-04-2024,29.136180538287114
03-04-2024,30.79919983194172
04-04-2024,22.470169005060722
05-04-2024,19.870659470152617
06-04-2024,25.311656748095615
07-04-2024,25.53584957629798
08-04-2024,19.607436293177013
09-04-2024,24.123527350479936
10-04-2024,26.996588008595655
11-04-2024,26.80196698
12-04-2024,27.521439266921362
13-04-2024,26.454823650687214
14-04-2024,22.464956703649722
15-04-2024,22.430496866755785
16-04-2024,19.005243010030618
17-04-2024,33.923875195925476
18-04-2024,25.067251823096466
19-04-2024,23.87573472102574
20-04-2024,20.356039592737705
21-04-2024,39.678289511638894
22-04-2024,19.63335983888552
23-04-2024,22.855760371969634
24-04-2024,27.079184181430303
25-04-2024,28.00106482872139
26-04-2024,29.789660276078422
27-04-2024,34.03804253884631
28-04-2024,27.53078827730356
29-04-2024,19.719846000166662
30-04-2024,23.715274374391093
01-05-2024,26.539161862569426
02-05-2024,35.34113020752912
03-05-2024,18.010972607878514
04-05-2024,31.012882526126138
05-05-2024,25.899571847732084
06-05-2024,29.189152676147405
07-05-2024,24.49002641682034
08-05-2024,20.787836849368368
09-05-2024,28.75436389700666
10-05-2024,28.272155135528106
11-05-2024,29.86028482869861
12-05-2024,24.933476823106822
13-05-2024,22.000889883400752
14-05-2024,17.206065024880793
15-05-2024,29.096866340697034
16-05-2024,27.11944741221993
17-05-2024,20.171086835680203
18-05-2024,22.307131633516878
19-05-2024,22.666205940242797
20-05-2024,17.58507784008791
21-05-2024,20.91158801697433
22-05-2024,19.33084821596823
23-05-2024,22.937604940560316
24-05-2024,21.306512508352185
25-05-2024,16.864975395666256
26-05-2024,35.11295115284741
27-05-2024,31.262703655146154
28-05-2024,21.104902892400073
29-05-2024,26.36210698326805
30-05-2024,27.087325449106476
31-05-2024,30.955429273867384
01-06-2024,20.906974866699606
02-06-2024,30.46053391991213
03-06-2024,22.260473478965324
04-06-2024,18.320687979156933
05-06-2024,28.62068279657249
06-06-2024,31.453792120612142
07-06-2024,37.939544867653424
08-06-2024,19.001373674548933
09-06-2024,28.494598425403943
10-06-2024,22.950993781032334
11-06-2024,28.916793552620156
12-06-2024,17.647552243843748
13-06-2024,18.68615112150718
14-06-2024,21.12062588416758
15-06-2024,25.39482022834042
16-06-2024,21.794593667308224
17-06-2024,28.295271719567097
18-06-2024,30.13447309128957
19-06-2024,27.997887706226777
20-06-2024,33.09393819830434
21-06-2024,27.079133147276714
22-06-2024,18.915516448299165
23-06-2024,31.81688257
24-06-2024,21.974218821970013
25-06-2024,29.55209249842785
26-06-2024,32.868671082775535
27-06-2024,27.283440053651997
28-06-2024,17.519205934176753
29-06-2024,20.40893916745104
30-06-2024,31.613722334425677
01-07-2024,24.154386571785917
02-07-2024,25.39786767471083
03-07-2024,28.794122080818045
04-07-2024,28.481614310401618
05-07-2024,26.393999061927303
06-07-2024,23.95665814389767
07-07-2024,23.436657771338215
08-07-2024,29.289494126456717
09-07-2024,27.767847655338965
10-07-2024,23.71349999691105
11-07-2024,30.410561564965704
12-07-2024,24.35482942435108
13-07-2024,20.741689128328034
14-07-2024,21.205146505483278
15-07-2024,20.10629581845117
16-07-2024,23.637949916981565
17-07-2024,31.168621391680965
18-07-2024,20.974524094847457
19-07-2024,25.942378805090513
20-07-2024,21.716553271862935
21-07-2024,23.698454793642814
22-07-2024,17.44979394007374
23-07-2024,23.897308854217314
24-07-2024,24.03147310097519
25-07-2024,27.701439720178477
26-07-2024,26.116404566276852
27-07-2024,19.008039375239775
28-07-2024,30.420991220217715
29-07-2024,26.05151520110998
30-07-2024,25.991967585887434
31-07-2024,24.954088233074305
01-08-2024,22.41121276
02-08-2024,26.08901169874363
03-08-2024,27.37794217964291
04-08-2024,16.265521543272225
05-08-2024,22.30619581326952
06-08-2024,23.725265147982054
07-08-2024,26.28085302847139
08-08-2024,30.96655502963563
09-08-2024,21.14129592701609
10-08-2024,22.51019076591079
11-08-2024,22.43732944676725
12-08-2024,20.992362049477293
13-08-2024,23.264067524438687
14-08-2024,28.854011099939857
15-08-2024,19.730822523178272
16-08-2024,27.139071975764516
17-08-2024,16.490488849908324
18-08-2024,22.19331001778897
19-08-2024,23.35255349891007
20-08-2024,33.37429836457032
21-08-2024,23.62598847623656
22-08-2024,13.993782632745408
23-08-2024,15.005555465693751
24-08-2024,25.170147931733403
25-08-2024,28.068854278949544
26-08-2024,26.877279288136265
27-08-2024,25.837850529004953
28-08-2024,30.811297987528334
29-08-2024,22.30204389631434
30-08-2024,29.474552780134125
31-08-2024,16.839925574867912
01-09-2024,20.47526083530967
02-09-2024,15.964793025340919
03-09-2024,23.62577349665104
04-09-2024,24.768693913668287
05-09-2024,25.57050746
06-09-2024,25.309416764435674
07-09-2024,20.36223334594136
08-09-2024,24.048795777933922
09-09-2024,17.51276665697126
10-09-2024,31.81614487566125
11-09-2024,23.481869635509995
12-09-2024,22.555569404781544
13-09-2024,32.944701642220416
14-09-2024,18.788767332253855
15-09-2024,19.372064429840155
16-09-2024,19.518898375657173
17-09-2024,24.66064309150259
18-09-2024,27.158158148187987
19-09-2024,28.69837734058917
20-09-2024,37.85997658747485
21-09-2024,13.75283772899618
22-09-2024,28.043677945622086
23-09-2024,22.214347137138844
24-09-2024,22.067924255556132
25-09-2024,21.90113935873061
26-09-2024,20.456151645960134
27-09-2024,33.422624173017255
28-09-2024,29.211486635069512
29-09-2024,25.115979892786875
30-09-2024,31.75507876
01-10-2024,17.437355173505622
02-10-2024,18.34647434334537
03-10-2024,14.110161339026561
04-10-2024,21.50292729938356
05-10-2024,25.808492633523766
06-10-2024,25.51429288966167
07-10-2024,25.746709555299404
08-10-2024,17.94471584466959
09-10-2024,29.01577371307011
10-10-2024,26.19813759119499
11-10-2024,28.665271407329993
12-10-2024,15.53618911204974
13-10-2024,26.55745429398895
14-10-2024,19.061173800412366
15-10-2024,23.013383737243192
16-10-2024,27.671824493181916
17-10-2024,25.455468031279565
18-10-2024,20.742300101103407
19-10-2024,25.03136578092209
20-10-2024,17.342323423781785
21-10-2024,30.75133697949148
22-10-2024,23.973579902518743
23-10-2024,30.59274972127663
24-10-2024,22.367341564519784
25-10-2024,22.382120057967086
26-10-2024,21.17906606681077
27-10-2024,29.38086965846538
28-10-2024,21.452844213357622
29-10-2024,28.222977162075882
30-10-2024,23.08773801165355
31-10-2024,15.120183500541902
01-11-2024,22.14842966106767
02-11-2024,19.104458928185757
03-11-2024,25.16951361841169
04-11-2024,19.047961321627547
05-11-2024,29.629875503573082
06-11-2024,24.544620698234866
07-11-2024,24.112020026206306
08-11-2024,28.279460688937913
09-11-2024,29.819534670379312
10-11-2024,24.89950624115174
11-11-2024,21.143998502253545
12-11-2024,16.130151919439353
13-11-2024,21.56975121
14-11-2024,21.913938766760193
15-11-2024,25.535287264961482
16-11-2024,23.274265594309863
17-11-2024,28.43966486025714
18-11-2024,21.935083643646553
19-11-2024,24.71479416573529
20-11-2024,30.919937215984447
21-11-2024,26.709126069774833
22-11-2024,24.699812291557176
23-11-2024,21.990277790324114
24-11-2024,21.833843016425114
25-11-2024,20.746933735240262
26-11-2024,22.294965671085503
27-11-2024,28.77832919372157
28-11-2024,23.890558643538657
29-11-2024,18.251134653093843
30-11-2024,33.84084646529892
01-12-2024,26.599825955725816
02-12-2024,17.96528299743415
03-12-2024,22.79075536379588
04-12-2024,25.55443191414209
05-12-2024,33.522960466486886
06-12-2024,19.459437708705654
07-12-2024,29.880203596779733
08-12-2024,31.997432134861715
09-12-2024,21.85672847462715
10-12-2024,23.612431905698834
11-12-2024,19.81845376313115
12-12-2024,23.982694294598474
13-12-2024,24.817050128285345
14-12-2024,28.298249990411854
15-12-2024,30.450917355102234
16-12-2024,21.259519676891763
17-12-2024,15.163374678870028
18-12-2024,24.89377610361879
19-12-2024,26.467687649843203
20-12-2024,26.24708843842521
21-12-2024,23.36663376245478
22-12-2024,25.623760498319673
23-12-2024,32.57722404176124
24-12-2024,26.908670844812548
25-12-2024,23.133157874984576
26-12-2024,22.49901091452002
27-12-2024,24.150738211611348
28-12-2024,33.18369981
29-12-2024,24.083496452369012
30-12-2024,24.90102827739646
31-12-2024,22.588432145318485
01-01-2025,30.494916787209824
02-01-2025,34.79918627372338
03-01-2025,27.25306524715694
04-01-2025,25.413864518927127
05-01-2025,25.183914165871172
06-01-2025,13.07846605607127
07-01-2025,28.725754321424088
08-01-2025,25.670832079979217
09-01-2025,27.141710253303625
10-01-2025,21.442689029581476
11-01-2025,23.07771560511454
12-01-2025,22.944875317484136
13-01-2025,30.108114920365196
14-01-2025,23.106200816984533
15-01-2025,35.413301610548984
16-01-2025,27.154312095075188
17-01-2025,18.621586700021343
18-01-2025,24.357268533740214
19-01-2025,21.74162438921792
20-01-2025,14.028087650899879
21-01-2025,32.99735470056895
22-01-2025,28.51571271110002
23-01-2025,27.666036589496564
24-01-2025,25.827018301498523
25-01-2025,18.089912156537814
26-01-2025,22.581914302222817
27-01-2025,29.208903873920065
28-01-2025,19.743899851087487
29-01-2025,12.341153418745932
30-01-2025,23.86446996109537
31-01-2025,24.291212229862307
01-02-2025,25.677817082073545
02-02-2025,28.64259321757268
03-02-2025,28.188029061156044
04-02-2025,26.293849026219608
05-02-2025,30.977656940433548
06-02-2025,17.405151095933427
07-02-2025,27.522909072386952
08-02-2025,28.132691816684712
09-02-2025,18.80218857
10-02-2025,17.485646956588052
11-02-2025,21.27028936762199
12-02-2025,21.69229278742354
13-02-2025,28.767097317512153
14-02-2025,21.927306081544526
15-02-2025,20.71825740859398
16-02-2025,21.941831316527203
17-02-2025,30.59316167077106
18-02-2025,25.06521687188476
19-02-2025,24.10374487321544
20-02-2025,24.449972506494742
21-02-2025,31.460301671632614
22-02-2025,21.25414136698379
23-02-2025,31.57754145470052
24-02-2025,26.05248149460752
25-02-2025,24.197903090123262
26-02-2025,37.50450248967141
27-02-2025,19.721802551007016
28-02-2025,23.23157120216497
01-03-2025,18.837843804179997
02-03-2025,29.762309852680847
03-03-2025,33.44594466825839
04-03-2025,33.34961391
05-03-2025,31.11974376573002
06-03-2025,24.01189766102017
07-03-2025,23.173795112550767
08-03-2025,16.644151137529676
09-03-2025,35.17936767590896
10-03-2025,27.34489039074234
11-03-2025,22.540215475652584
12-03-2025,31.64028444493484
13-03-2025,20.136177416199995
14-03-2025,27.03311017111337
15-03-2025,24.136854328545827
16-03-2025,28.193385699401503
17-03-2025,24.68213230406939
18-03-2025,17.74536054444388
19-03-2025,25.37788186335019
20-03-2025,30.24432070937681
21-03-2025,24.853917970730073
22-03-2025,28.87557560794543
23-03-2025,19.772352571629735
24-03-2025,24.86869603365074
25-03-2025,21.877447724557115
26-03-2025,28.734904200523548
27-03-2025,25.15745781130998
28-03-2025,28.450368381683063
29-03-2025,30.43855213078933
30-03-2025,28.45809287560694
31-03-2025,26.365592171468222
01-04-2025,20.008938707442972
02-04-2025,24.986069446665493
03-04-2025,22.334547989920836
04-04-2025,23.279680216478866
05-04-2025,23.127329246248745
06-04-2025,20.10037212608878
07-04-2025,15.21330705433005
08-04-2025,21.659284758361167
09-04-2025,25.966897259620794
10-04-2025,18.25911477286255
11-04-2025,25.07841118235812
12-04-2025,34.50134212155483
13-04-2025,30.115282776261196
14-04-2025,33.21770754560265
15-04-2025,26.95563938466363
16-04-2025,30.83754911493223
17-04-2025,21.380176347661063
18-04-2025,21.77829866489008
19-04-2025,11.304298969312637
20-04-2025,30.930727370211493
21-04-2025,32.70161989909943
22-04-2025,22.23411377326365
23-04-2025,23.730241468013823
24-04-2025,21.230689431545194
25-04-2025,26.91326775738746
26-04-2025,30.624662726516206
27-04-2025,16.286140130594795
28-04-2025,27.047192653211262
29-04-2025,23.616641141404273
30-04-2025,25.566971959833445
01-05-2025,27.294970008371454
02-05-2025,24.058987806135896
03-05-2025,24.482065732971098
04-05-2025,23.930624162226806
05-05-2025,29.85158100894141
06-05-2025,27.093799800637484
07-05-2025,26.102917688686805
08-05-2025,18.645241394538587
09-05-2025,23.107101283934227
10-05-2025,29.49334580169587
11-05-2025,25.188482865619616
12-05-2025,28.29765734794569
13-05-2025,33.83255900163817
14-05-2025,30.193030346044083
15-05-2025,25.46579168849871
16-05-2025,22.445054149021363
17-05-2025,12.232252019720509
18-05-2025,24.158075387635737
19-05-2025,23.369937520915755
20-05-2025,26.95183097197688
21-05-2025,24.230473865126562
22-05-2025,23.39807470281603
23-05-2025,16.10300535
24-05-2025,20.30016085424967
25-05-2025,27.383255204002786
26-05-2025,33.57953815566347
27-05-2025,24.512373081271882
28-05-2025,26.63905536787062
29-05-2025,29.762390784764026
30-05-2025,20.945530318998753
31-05-2025,26.83407021642721
01-06-2025,21.297549468339206
02-06-2025,29.324122192455057
03-06-2025,25.757015239758662
04-06-2025,26.49225907
05-06-2025,21.087007012907055
06-06-2025,28.535161798053924
07-06-2025,35.42356460615508
08-06-2025,19.96044152285897
09-06-2025,23.30120496176238
10-06-2025,26.15803737084046
11-06-2025,28.93203105997908
12-06-2025,22.202268573552654
13-06-2025,10.83484855
14-06-2025,31.795947470820124
15-06-2025,28.802530597920715
16-06-2025,16.285262347566675
17-06-2025,21.96215604110222
18-06-2025,32.84091214763663
19-06-2025,32.23898209228933
20-06-2025,29.693200113394724
21-06-2025,24.119437830200688
22-06-2025,25.41493709406255
23-06-2025,24.345370974369366
24-06-2025,30.641198916344187
25-06-2025,20.62078796752445
26-06-2025,20.971001725578976
27-06-2025,30.05137293418008
28-06-2025,24.778192722442192
29-06-2025,31.89233677726904
30-06-2025,21.64243896509727
01-07-2025,24.726108198305873
02-07-2025,20.387935075780234
03-07-2025,25.036813407117837
04-07-2025,17.607265315006003
05-07-2025,22.561832895225187
06-07-2025,17.81873067535941
07-07-2025,28.46961616595629
08-07-2025,28.58294669879826
09-07-2025,16.348686347578273
10-07-2025,31.669428727502865
11-07-2025,37.48707563209927
12-07-2025,25.230031933681705
13-07-2025,21.794428698876775
14-07-2025,39.121652955015236
15-07-2025,18.40515750848745
16-07-2025,25.10053233434549
17-07-2025,25.898111363159618
18-07-2025,31.725738102262074
19-07-2025,26.79869487563394
20-07-2025,22.506830521057744
21-07-2025,20.24407814806022
22-07-2025,23.290890898769323
23-07-2025,19.96536319527428
24-07-2025,25.239126598923416
25-07-2025,22.179019100697566
26-07-2025,17.529811033551248
27-07-2025,31.27572894187452
28-07-2025,22.511637382854804
29-07-2025,18.659315975123437
30-07-2025,24.158704327562294
31-07-2025,25.341857829838293
01-08-2025,16.267666372104834
02-08-2025,26.658238335628813
03-08-2025,19.764212156548677
04-08-2025,33.55514404595394
05-08-2025,27.619802560383675
06-08-2025,23.000500049453418
07-08-2025,21.27416114841325
08-08-2025,24.47516146218188
09-08-2025,28.063953707916447
10-08-2025,24.87252936
11-08-2025,23.914205964315716
12-08-2025,25.29185145408948
13-08-2025,21.980705343815227
14-08-2025,23.28397036578481
15-08-2025,14.57103780547498
16-08-2025,29.868631154261838
17-08-2025,26.49398890160881
18-08-2025,21.132720779832848
19-08-2025,34.49367490677619
20-08-2025,25.43508240196193
21-08-2025,19.819282140124017
22-08-2025,29.283687107352293
23-08-2025,26.990241082546312
24-08-2025,26.972899927421096
25-08-2025,22.87122197674205
26-08-2025,27.252478618890173
27-08-2025,23.691208548894526
28-08-2025,27.779707258229212
29-08-2025,15.475277729946805
30-08-2025,22.830632685104053
31-08-2025,33.610775489040975
01-09-2025,21.164662722998496
02-09-2025,21.980808512534068
03-09-2025,22.760193307750125
04-09-2025,18.92596932055678
05-09-2025,13.95859611885874
06-09-2025,23.847068007381935
07-09-2025,25.679297120408286
08-09-2025,24.737474657306738
09-09-2025,24.275607190260565
10-09-2025,25.215204354251938
11-09-2025,30.11420735775382
12-09-2025,24.047769070353915
13-09-2025,22.129587114563652
14-09-2025,23.594372575559568
15-09-2025,27.896733798783877
16-09-2025,32.06013439271625
17-09-2025,21.85928130415411
18-09-2025,25.494668935144418
19-09-2025,26.69178721
20-09-2025,20.037109966355885
21-09-2025,25.10208583606459
22-09-2025,17.671630713289524
23-09-2025,16.154748481303006
24-09-2025,26.833732039461285
25-09-2025,23.080626293346086
26-09-2025,26.011402038106095
27-09-2025,24.91052511495825
28-09-2025,20.117999756681012
29-09-2025,24.773728490178318
30-09-2025,18.834493474925722
01-10-2025,31.95486179
02-10-2025,18.220148275700183
03-10-2025,24.02107364515709
04-10-2025,19.78864205976376
05-10-2025,27.852105866803978
06-10-2025,23.342843143592486
07-10-2025,22.40666640189395
08-10-2025,29.266007725257772
09-10-2025,25.14715295838776
10-10-2025,27.583222229679837
11-10-2025,20.093370317412678
12-10-2025,17.975915280362464
13-10-2025,25.53603981020067
14-10-2025,23.405768222526344
15-10-2025,28.13217336226972
16-10-2025,24.60045773668725
17-10-2025,26.02537669617315
18-10-2025,16.883087350293785
19-10-2025,34.44218469807129
20-10-2025,24.178790074839842
21-10-2025,28.487934851695996
22-10-2025,20.81954164890187
23-10-2025,26.540049511086703
24-10-2025,18.485776182376274
25-10-2025,27.260339191298357
26-10-2025,23.220129578070836
27-10-2025,25.145952519677838
28-10-2025,28.48987015065049
29-10-2025,18.83729844
30-10-2025,21.577541346936016
31-10-2025,27.286621405433827
01-11-2025,35.49110737273374
02-11-2025,24.30958832669259
03-11-2025,27.95568058961966
04-11-2025,24.465142650707598
05-11-2025,34.71122797
06-11-2025,16.263891665173723
07-11-2025,25.47310522334679
08-11-2025,16.872279832189697
09-11-2025,12.467142147316416
10-11-2025,26.487310265589084
11-11-2025,25.697488980737294
12-11-2025,23.57581531128899
13-11-2025,24.469029549801235
14-11-2025,40.49149717035629
15-11-2025,23.709124309842828
16-11-2025,27.550621806250376
17-11-2025,21.753175901930597
18-11-2025,26.476162875203016
19-11-2025,23.80883162472191
20-11-2025,22.94740758635135
21-11-2025,34.094492661001624
22-11-2025,30.885924815921694
23-11-2025,25.683733236996154
24-11-2025,13.478940320280167
25-11-2025,23.194953883737153
26-11-2025,38.515137822025416
27-11-2025,23.84669166680146
28-11-2025,30.516087860268293
29-11-2025,32.20971201
30-11-2025,26.094819579279875
01-12-2025,20.79089184065924
02-12-2025,12.823438341085557
03-12-2025,28.420816043044773
04-12-2025,20.92621998588226
05-12-2025,25.88075225943846
06-12-2025,18.75089830205318
07-12-2025,23.67381229764899
08-12-2025,25.168595274505265
09-12-2025,26.34296790522149
10-12-2025,19.42588906323793
11-12-2025,30.98455474380676
12-12-2025,22.015526076340144
13-12-2025,16.627652697733772
14-12-2025,24.45488290018268
15-12-2025,25.17187655
16-12-2025,25.80294717
17-12-2025,31.810662018425397
18-12-2025,23.81775582
19-12-2025,24.401901878156142
20-12-2025,19.484078093834533
21-12-2025,29.102767514439485
22-12-2025,25.921545320390518
23-12-2025,22.899861363529187
24-12-2025,15.476626532672682
25-12-2025,32.22206097527544
26-12-2025,18.861600177719716
27-12-2025,22.04360995315147
28-12-2025,26.791722555380016
29-12-2025,19.017210356916568
30-12-2025,17.532451108734282
31-12-2025,14.380262086496675
01-01-2026,28.60498476452818
02-01-2026,22.27406877636839
03-01-2026,39.63635046236665
04-01-2026,20.028224671845635
05-01-2026,20.392744882855393
06-01-2026,22.173035148572993
07-01-2026,26.215673275692446
08-01-2026,22.648983306073443
09-01-2026,28.061661070012562
10-01-2026,20.10705805005673
11-01-2026,18.092041407682096
12-01-2026,16.008926302954464
13-01-2026,13.882129160314015
14-01-2026,22.409654902624716
15-01-2026,23.49509843803389
16-01-2026,21.842814862584085
17-01-2026,31.21702898593581
18-01-2026,31.140151048040675
19-01-2026,23.32598506277749
20-01-2026,16.030394434040183
21-01-2026,22.166474459724736
22-01-2026,22.000893030414694
23-01-2026,21.71432518860971
24-01-2026,21.511405480508778
25-01-2026,21.732685521375963
26-01-2026,23.067291920511202
27-01-2026,21.822294505922216
28-01-2026,26.04161254312796
29-01-2026,26.801843579524306
30-01-2026,20.44677456408755
31-01-2026,31.355326630035165
01-02-2026,20.09968849079693
02-02-2026,16.910996930923314
03-02-2026,26.903890356825258
04-02-2026,20.912959327928302
05-02-2026,26.60645735378694
06-02-2026,12.981656994497348
07-02-2026,31.962279707415338
08-02-2026,28.36146704020201
09-02-2026,17.49761725418499
10-02-2026,17.606114380768574
11-02-2026,33.36132952048764
12-02-2026,21.313100482510208
13-02-2026,20.82907575633688
14-02-2026,13.669739529253587
15-02-2026,23.24610897199223
16-02-2026,23.861401925821237
17-02-2026,28.577465483847426
18-02-2026,18.004607859077623
19-02-2026,17.39856603879695
20-02-2026,27.254813173882383
21-02-2026,30.033650356135325
22-02-2026,17.144238244410584
23-02-2026,30.407570431498705
24-02-2026,25.187709207434107
25-02-2026,30.45902669537323
26-02-2026,24.648898192411917
27-02-2026,12.388610412560247
28-02-2026,24.240163088419806
01-03-2026,30.30071909335635
02-03-2026,20.53126990458143
03-03-2026,23.06017515546274
04-03-2026,24.11933248224511
05-03-2026,10.50243060065759
06-03-2026,33.356737877187385
07-03-2026,20.49312160051413
08-03-2026,27.528677162363994
09-03-2026,24.566494319258958
10-03-2026,31.28809528
11-03-2026,27.030280612140405
12-03-2026,23.825378642395126
13-03-2026,20.53242454
14-03-2026,28.989253506910693
15-03-2026,15.632793480226916
16-03-2026,28.22945210137946
17-03-2026,19.50477624222564
18-03-2026,31.26141831
19-03-2026,25.806497713313476
20-03-2026,28.220618839250545
21-03-2026,25.409944069123597
22-03-2026,16.238114524295014
23-03-2026,20.69635418302331
24-03-2026,28.36194668805691
25-03-2026,25.83327908679922
26-03-2026,30.904949526528362
27-03-2026,27.01637281518586
28-03-2026,20.16649055
29-03-2026,21.01967931139683
30-03-2026,25.514586952616185
31-03-2026,13.429779669999473
01-04-2026,33.367209428114926
02-04-2026,27.208733681887786
03-04-2026,31.13517298524436
04-04-2026,17.096980295954154
05-04-2026,31.222825801776278
06-04-2026,36.15749455513874
07-04-2026,18.395608223113413
08-04-2026,28.857008974518834
09-04-2026,25.005549723436467
10-04-2026,17.27783075875878
11-04-2026,27.464419859259348
12-04-2026,29.16801602418674
13-04-2026,21.994367236655766
14-04-2026,30.829582601276115
15-04-2026,16.66618296605401
16-04-2026,17.526219267751777
17-04-2026,25.682986977943763
18-04-2026,25.12692638986136
19-04-2026,21.417132557879473
20-04-2026,29.04797217985943
21-04-2026,27.654471571079746
22-04-2026,29.290695354670078
23-04-2026,24.38431782323866
24-04-2026,28.012901339891705
25-04-2026,22.77174848485003
26-04-2026,35.269093450432976
27-04-2026,20.93727114939007
28-04-2026,35.52648714729156
29-04-2026,25.17443973544704
30-04-2026,18.122445552156286
01-05-2026,31.840396752443006
02-05-2026,25.629506941974796
03-05-2026,29.25562049190119
04-05-2026,31.119279592712967
05-05-2026,26.689777770725126
06-05-2026,22.038795775935927
07-05-2026,29.87856688834625
08-05-2026,25.003777537272978
09-05-2026,28.429289093042094
10-05-2026,14.231347131042693
11-05-2026,27.23490858504926
12-05-2026,21.80707087427485
13-05-2026,33.26654818589265
14-05-2026,28.115436739445475
15-05-2026,26.199288729246483
16-05-2026,27.431549966751106
17-05-2026,20.00779573561641
18-05-2026,33.11628345264027
19-05-2026,34.956852092084524
20-05-2026,26.96456755274108
21-05-2026,32.952017842868194
22-05-2026,22.154259006637332
23-05-2026,21.014432168875096
24-05-2026,25.204623743644614
25-05-2026,27.174705191839493
26-05-2026,23.030066593784397
27-05-2026,27.68884095184242
28-05-2026,26.53194741036707
29-05-2026,20.008466123544725
30-05-2026,27.593965087258606
31-05-2026,29.317641212607604
01-06-2026,25.857346587951955
02-06-2026,30.763240516308464
03-06-2026,18.91298103251524
04-06-2026,27.33975211065926
05-06-2026,19.148596468016127
06-06-2026,19.42959320883456
07-06-2026,21.84534583131105
08-06-2026,20.289699082128777
09-06-2026,22.26002090629431
10-06-2026,23.929248446444056
11-06-2026,29.185772431656922
12-06-2026,23.39420480647149
13-06-2026,17.071871466152036
14-06-2026,30.70033923
15-06-2026,20.814549331924802
16-06-2026,24.706397864476855
17-06-2026,27.232682534703557
18-06-2026,25.998052092013914
19-06-2026,30.470897737607377
20-06-2026,27.395015716963794
21-06-2026,20.69345210151446
22-06-2026,35.89281086995831
23-06-2026,25.971667316691168
24-06-2026,24.26329886689247
25-06-2026,29.819627115277854
26-06-2026,26.24725472965036
27-06-2026,26.996140964696636
28-06-2026,37.460919993003436
29-06-2026,23.624392858724768
30-06-2026,23.41119552991302
01-07-2026,25.58289256006232
02-07-2026,30.357579677905193
03-07-2026,17.467329849048006
04-07-2026,15.172220542617474
05-07-2026,22.06442364689926
06-07-2026,16.830385204703564
07-07-2026,22.87584326237181
08-07-2026,27.51249848064645
09-07-2026,20.54625568223868
10-07-2026,17.865867116093288
11-07-2026,25.34668580857674
12-07-2026,29.312717423075853
13-07-2026,16.525132807416938
14-07-2026,29.10116199152992
15-07-2026,29.08653101869163
16-07-2026,29.77042551078314
17-07-2026,31.09240107435843
18-07-2026,36.01006962329808
19-07-2026,23.219539756904723
20-07-2026,25.54785790038929
21-07-2026,22.917807833759873
22-07-2026,25.009884223779054
23-07-2026,32.66436677818156
24-07-2026,18.274927580346656
25-07-2026,20.69475163917212
26-07-2026,31.885904682522806
27-07-2026,30.10018253451045
28-07-2026,23.18434176591461
29-07-2026,29.272010005603597
30-07-2026,26.706079212460168
31-07-2026,32.50137304500494
01-08-2026,25.372547969133862
02-08-2026,30.12816056936291
03-08-2026,38.21005955
04-08-2026,27.99049577523733
05-08-2026,25.24664082897422
06-08-2026,28.612234926104897
07-08-2026,23.173595708980574
08-08-2026,36.939838527623664
09-08-2026,25.900355188479907
10-08-2026,23.635333398872437
11-08-2026,20.82155497489982
12-08-2026,30.486100958032193
13-08-2026,29.335937064138694
14-08-2026,22.513228142929535
15-08-2026,27.882256725612113
16-08-2026,17.45722015893572
17-08-2026,25.924852875365783
18-08-2026,27.263781760383473
19-08-2026,33.53664904779612
20-08-2026,21.145905986356553
21-08-2026,18.60823685598838
22-08-2026,20.52286019537479
23-08-2026,18.317157498425402
24-08-2026,31.683286788794916
25-08-2026,32.743196475120186
26-08-2026,26.601082889744145
27-08-2026,31.10647472842574
28-08-2026,25.669791902901178
29-08-2026,24.52444176149617
30-08-2026,23.334811904731193
31-08-2026,23.448045043112174
01-09-2026,17.260992218454845
02-09-2026,26.321273818036694
03-09-2026,24.798330448929782
04-09-2026,28.72680362038938
05-09-2026,25.46761748219305
06-09-2026,24.18648149215454
07-09-2026,20.644034849961848
08-09-2026,25.360766184108808
09-09-2026,28.69118615408081
10-09-2026,19.283305044580697
11-09-2026,25.437368768403697
12-09-2026,26.16521475764742
13-09-2026,21.409676081908678
14-09-2026,22.06071848
15-09-2026,26.153054243831072
16-09-2026,19.332894908536886
17-09-2026,26.749618576246963
18-09-2026,20.523228131704002
19-09-2026,30.31426846516608
20-09-2026,36.68913873
21-09-2026,20.696215991490902
22-09-2026,27.671039311873372
23-09-2026,21.366290475589903
24-09-2026,30.20477086898895
25-09-2026,18.673707954573924
26-09-2026,27.402933792138562
27-09-2026,20.635055165553236
28-09-2026,23.965077054508157
29-09-2026,19.844873624263464
30-09-2026,29.111752354478767
01-10-2026,20.815098227802064
02-10-2026,27.759821296659137
03-10-2026,23.279509858688336
04-10-2026,24.427638141005687
05-10-2026,25.738779537000642
06-10-2026,21.190876641705756
07-10-2026,26.051835567704433
08-10-2026,32.65167282177205
09-10-2026,21.109526070836427
10-10-2026,30.859050716369225
11-10-2026,32.49048816743892
12-10-2026,20.91922505485978
13-10-2026,17.724726974547238
14-10-2026,26.509804500858824
15-10-2026,22.262962386165636
16-10-2026,34.34301609581501
17-10-2026,25.17403770249916
18-10-2026,20.989002959824106
19-10-2026,19.264202444941443
20-10-2026,30.449524795454153
21-10-2026,22.144080129579066
22-10-2026,25.21914399730214
23-10-2026,29.779013725562404
24-10-2026,22.578708240345847
25-10-2026,24.770355856299197
26-10-2026,24.91715795
27-10-2026,28.41662255758046
28-10-2026,27.953721677551627
29-10-2026,23.89943134372586
30-10-2026,25.318245307482588
31-10-2026,23.141104942382558
01-11-2026,17.611937965402777
02-11-2026,26.288004286990645
03-11-2026,34.46095880416534
04-11-2026,20.581404296544687
05-11-2026,21.134851451986485
06-11-2026,20.64636114178129
07-11-2026,28.622958893615614
08-11-2026,27.24242727
09-11-2026,24.207311537917718
10-11-2026,20.409904691805174
11-11-2026,25.46188395819962
12-11-2026,17.176889363320978
13-11-2026,25.717132834287465
14-11-2026,29.35762193043967
15-11-2026,18.74400431683161
16-11-2026,17.337408615851682
17-11-2026,32.89718946
18-11-2026,21.941201802477075
19-11-2026,30.67973922971911
20-11-2026,24.230011674010843
21-11-2026,24.19022591529336
22-11-2026,27.192063497483225
23-11-2026,20.58000572
24-11-2026,25.662485717478226
25-11-2026,23.092552925879538
26-11-2026,18.397532782974842
27-11-2026,26.687410373631995
28-11-2026,23.68346096561042
29-11-2026,24.214875857776462
30-11-2026,18.94919528292921
01-12-2026,32.95700183881402
02-12-2026,29.38357093193058
03-12-2026,29.820779420859893
04-12-2026,23.47277648779159
05-12-2026,16.35408555
06-12-2026,34.764586912447555
07-12-2026,24.69451245997066
08-12-2026,21.25600101989973
09-12-2026,27.08400787241557
10-12-2026,30.835603940016487
11-12-2026,24.88474721957267
12-12-2026,31.39287583969687
13-12-2026,30.41499969258434
14-12-2026,19.61809406298971
15-12-2026,21.631049471702617
16-12-2026,29.787685816398838
17-12-2026,11.43693718094781
18-12-2026,24.252721534175055
19-12-2026,17.84584399187664
20-12-2026,22.617230992832376
21-12-2026,23.50589955485398
22-12-2026,23.20877811046246
23-12-2026,22.238693739436957
24-12-2026,19.51428175185593
25-12-2026,36.459556334093435
26-12-2026,34.337310020806754
27-12-2026,19.189670898718585
28-12-2026,32.91058375651784
29-12-2026,23.002672547635736
30-12-2026,25.64593736665855
31-12-2026,24.68363020051542
01-01-2027,21.70125679373017
02-01-2027,29.919261718030732
03-01-2027,25.62943265288329
04-01-2027,22.617242883903792
05-01-2027,18.47705278099764
06-01-2027,20.532024931404397
07-01-2027,16.793099421989517
08-01-2027,25.061117742075847
09-01-2027,19.016672038578022
10-01-2027,23.672197437407295
11-01-2027,31.850509268051855
12-01-2027,30.996497864607928
13-01-2027,24.838615529486912
14-01-2027,24.56457636928425
15-01-2027,34.39937274710504
16-01-2027,27.603780601793556
17-01-2027,23.360967700617387
18-01-2027,17.86990941439774
19-01-2027,26.969366090823716
20-01-2027,29.146618862914313
21-01-2027,21.841742377431782
22-01-2027,26.456013775690163
23-01-2027,23.182133525424856
24-01-2027,24.079838004004987
25-01-2027,12.560889712188343
26-01-2027,23.891092981419323
27-01-2027,29.846846512040273
28-01-2027,21.84298722216721
29-01-2027,25.26263184107658
30-01-2027,21.22024647
31-01-2027,26.802208381463863
01-02-2027,23.917384012319133
02-02-2027,20.303792296589965
03-02-2027,31.66275733832564
04-02-2027,29.644660067661075
05-02-2027,21.975466180359128
06-02-2027,27.48894154708889
07-02-2027,27.687060014101903
08-02-2027,28.21150617505588
09-02-2027,16.528720520024613
10-02-2027,30.03303270516314
11-02-2027,22.15150518537134
12-02-2027,23.210860332793665
13-02-2027,38.189408761300996
14-02-2027,26.50936690360506
15-02-2027,23.06838762276412
16-02-2027,13.97352813622047
17-02-2027,31.948820669731777
18-02-2027,18.273951645956988
19-02-2027,19.98280548250248
20-02-2027,23.343238504560755
21-02-2027,32.08205895850146
22-02-2027,28.866199933328797
23-02-2027,24.21081245
24-02-2027,26.541460318194105
25-02-2027,21.99807153564447
26-02-2027,25.698268447826756
27-02-2027,25.366683723890684
28-02-2027,29.843849478406767
01-03-2027,29.835890612194746
02-03-2027,27.469886911028226
03-03-2027,23.18826221226949
04-03-2027,28.70911147195063
05-03-2027,24.54015766898477
06-03-2027,19.590428156434335
07-03-2027,22.983561040445306
08-03-2027,25.422634918921624
09-03-2027,29.551078918323725
10-03-2027,24.082359139214233
11-03-2027,18.95400644380197
12-03-2027,25.283708416484096
13-03-2027,25.567280200282763
14-03-2027,25.929188144513766
15-03-2027,29.59935757977215
16-03-2027,30.094616200449494
17-03-2027,22.028945638091667
18-03-2027,21.919282709755283
19-03-2027,19.799006445222634
20-03-2027,28.494078351402383
21-03-2027,32.244100541688574
22-03-2027,23.424590360455383
23-03-2027,23.792847176375034
24-03-2027,32.33391278449488
25-03-2027,27.52778926607504
26-03-2027,27.181178524005276
27-03-2027,19.045417470131365
28-03-2027,28.393640346397095
29-03-2027,20.354318297451208
30-03-2027,19.32989907032521
31-03-2027,23.26614211616644
01-04-2027,22.07103638275655
02-04-2027,23.892001528074804
03-04-2027,17.79509182737541
04-04-2027,29.79408153233836
05-04-2027,30.638431472582145
06-04-2027,15.26328762929593
07-04-2027,29.89228902833275
08-04-2027,20.947356850891868
09-04-2027,29.28487768491393
10-04-2027,24.657767536667922
11-04-2027,25.14387782040499
12-04-2027,24.074511752893905
13-04-2027,31.06064602116743
14-04-2027,18.802059937374857
15-04-2027,28.039201693675043
16-04-2027,30.506650824447753
17-04-2027,28.581700402702054
18-04-2027,36.62349457161709
19-04-2027,22.355266186376504
20-04-2027,29.786524112967655
21-04-2027,24.469546823292898
22-04-2027,31.167030381763347
23-04-2027,24.961555021393153
24-04-2027,23.06062109068765
25-04-2027,31.530361019358146
26-04-2027,22.54219030490535
27-04-2027,17.936371205497217
28-04-2027,22.415765584130856
29-04-2027,28.095164732942663
30-04-2027,31.960193757935457
01-05-2027,25.55564687648256
02-05-2027,31.590985336170128
03-05-2027,18.20912539261203
04-05-2027,22.783682675910484
05-05-2027,23.557124414229495
06-05-2027,24.42720286
07-05-2027,25.420471941250984
08-05-2027,28.454554786960962
09-05-2027,22.77596580914755
10-05-2027,25.69514343476563
11-05-2027,24.77438554837974
12-05-2027,20.37055048054425
13-05-2027,24.431666554592823
14-05-2027,24.281702350514408
15-05-2027,24.17459717498477
16-05-2027,25.158797282907255
17-05-2027,25.37836770306693
18-05-2027,22.83852410446335
19-05-2027,31.363573669856322
20-05-2027,19.152596853984917
21-05-2027,21.39514945765052
22-05-2027,38.899818121117775
23-05-2027,19.81004322505385
24-05-2027,18.231226626451207
25-05-2027,28.67238372500609
26-05-2027,14.61440073113063
27-05-2027,23.823630450137806
28-05-2027,35.72912462538244
29-05-2027,17.27532039
30-05-2027,15.090177571306434
31-05-2027,17.50409399021151
01-06-2027,29.49179784173493
02-06-2027,30.623883599929062
03-06-2027,22.437056015107455
04-06-2027,28.416062020005345
05-06-2027,31.95127663755995
06-06-2027,33.93673207214913
07-06-2027,23.76832359410076
08-06-2027,13.492641411650066
09-06-2027,20.895605387951566
10-06-2027,22.86597902532371
11-06-2027,23.705306017108047
12-06-2027,24.06070299
13-06-2027,30.594472989653347
14-06-2027,31.372142133437908
15-06-2027,24.141631730376083
16-06-2027,30.492424380259095
17-06-2027,26.788306833155445
18-06-2027,25.32252986431286
19-06-2027,29.53272078554982
20-06-2027,25.36126024118958
21-06-2027,35.28905588548881
22-06-2027,17.807944166027205
23-06-2027,22.42414550453991
24-06-2027,24.36740551523025
25-06-2027,27.197263452289953
26-06-2027,31.339802435515445
27-06-2027,24.878007163819216
28-06-2027,17.888851752468966
29-06-2027,29.212569482275022
30-06-2027,28.77479383070982
01-07-2027,15.29070670310297
02-07-2027,24.980979331646004
03-07-2027,17.04929084659851
04-07-2027,21.676744512489687
05-07-2027,20.48595537
06-07-2027,29.04632349120993
07-07-2027,25.58415087086092
08-07-2027,18.572044996219862
09-07-2027,29.400329814786712
10-07-2027,17.830970880357928
11-07-2027,26.650568952354718
12-07-2027,20.92994665354222
13-07-2027,23.17161459
14-07-2027,27.52135374019192
15-07-2027,27.607246995297643
16-07-2027,31.68484537
17-07-2027,24.588731501642734
18-07-2027,26.532254314816704
19-07-2027,22.811313387978377
20-07-2027,25.90994941311399
21-07-2027,27.197430240042557
22-07-2027,24.50845076272812
23-07-2027,15.981247579537518
24-07-2027,26.657354481654476
25-07-2027,26.822807386777285
26-07-2027,21.599132618260246
27-07-2027,18.57806481963743
28-07-2027,32.37939575251983
29-07-2027,27.45722755447201
30-07-2027,23.854594845391453
31-07-2027,19.314835584262564
01-08-2027,20.890925857893272
02-08-2027,31.51295198393116
03-08-2027,25.68830970434023
04-08-2027,22.24706466499647
05-08-2027,27.54844615612328
06-08-2027,20.928009062768382
07-08-2027,32.504215151401894
08-08-2027,31.764002674483628
09-08-2027,22.667129643986115
10-08-2027,21.856648764845698
11-08-2027,11.90933401
12-08-2027,17.59209614224316
13-08-2027,18.30265112521122
14-08-2027,25.675951704936928
15-08-2027,23.36883148
16-08-2027,18.273322562923795
17-08-2027,23.594179787677213
18-08-2027,27.526685738236743
19-08-2027,27.639196749577934
20-08-2027,15.501648595705595
21-08-2027,24.358682597580845
22-08-2027,18.08329611514195
23-08-2027,29.50864348570137
24-08-2027,28.920732081767493
25-08-2027,20.509863868377707
26-08-2027,21.16977399
27-08-2027,22.693664747508464
28-08-2027,13.736033026343303
29-08-2027,26.679840867202884
30-08-2027,23.635777268299346
31-08-2027,29.850875412839294
01-09-2027,19.507953910187236
02-09-2027,21.90438525875034
03-09-2027,17.467373709804423
04-09-2027,19.978547182528736
05-09-2027,19.090090019658906
06-09-2027,29.979868394232227
07-09-2027,21.508690756243038
08-09-2027,25.620878423723067
09-09-2027,23.096182980690976
10-09-2027,18.652673669935936
11-09-2027,24.158497884141788
12-09-2027,27.995516659317975
13-09-2027,18.96120303728324
14-09-2027,29.045563953656895
15-09-2027,20.75139539261152
16-09-2027,22.585080369635797
17-09-2027,27.65341561505024
18-09-2027,21.68281921390256
19-09-2027,25.18787429667933
20-09-2027,23.426545856059537
21-09-2027,25.646840033519094
22-09-2027,13.096304472382513
23-09-2027,15.851590923959586
24-09-2027,28.07983503023419
25-09-2027,30.185907028245254
26-09-2027,20.447566482342395
27-09-2027,23.77985823914433
28-09-2027,26.473596264511507
29-09-2027,28.46608800829352
30-09-2027,14.861613641645757
01-10-2027,20.569798765108114
02-10-2027,23.337103100750625
03-10-2027,28.515700986180246
04-10-2027,37.492152418607475
05-10-2027,23.85997136595141
06-10-2027,17.96511268948006
07-10-2027,27.01134038600649
08-10-2027,31.60497894770355
09-10-2027,25.540070604897505
10-10-2027,20.466757274228534
11-10-2027,29.789969707400097
12-10-2027,28.317728092492175
13-10-2027,19.86959577902188
14-10-2027,26.90712808767171
15-10-2027,29.986327838294365
16-10-2027,30.909450212794468
17-10-2027,24.66775512345272
18-10-2027,23.209602769103405
19-10-2027,31.136369110406314
20-10-2027,18.949197485095574
21-10-2027,27.192896454605027
22-10-2027,18.149866863177856
23-10-2027,30.326881361298014
24-10-2027,23.709772421944194
25-10-2027,31.342916178237346
26-10-2027,27.457063781777634
27-10-2027,18.88389884969035
28-10-2027,32.12313866038622
29-10-2027,32.756226332138645
30-10-2027,29.41143246299608
31-10-2027,21.19206067
01-11-2027,23.469930228212956
02-11-2027,25.727136087028796
03-11-2027,21.481448003342834
04-11-2027,33.461732862316026
05-11-2027,25.721632358630185
06-11-2027,11.483259764463213
07-11-2027,26.69677906
08-11-2027,23.259213015913435
09-11-2027,24.62536721940776
10-11-2027,23.15690317
11-11-2027,29.035232083033435
12-11-2027,30.598438892766907
13-11-2027,26.415265811293267
14-11-2027,23.303444064309204
15-11-2027,24.79331397595415
16-11-2027,25.097998082888143
17-11-2027,20.987849800675818
18-11-2027,27.894643242856173
19-11-2027,27.30021161930233
20-11-2027,32.70220619888337
21-11-2027,31.276748901442375
22-11-2027,21.57162541204935
23-11-2027,29.101491872544823
24-11-2027,20.24523308452764
25-11-2027,28.47966050470425
26-11-2027,22.41692900619946
27-11-2027,19.883733883122076
28-11-2027,26.400226713487022
29-11-2027,11.627164359229296
30-11-2027,16.245122127973858
01-12-2027,24.112540581128584
02-12-2027,25.412208833174212
03-12-2027,23.153406149209054
04-12-2027,17.102818506412007
05-12-2027,20.910540789307472
06-12-2027,26.95604663618697
07-12-2027,27.908908853141813
08-12-2027,24.918884412020294
09-12-2027,30.784168905184945
10-12-2027,26.98698511729617
11-12-2027,21.262721730208938
12-12-2027,23.597489732941913
13-12-2027,17.985669213960726
14-12-2027,24.459305048042918
15-12-2027,30.560503096106693
16-12-2027,28.42645042355484
17-12-2027,32.01004662959561
18-12-2027,23.485573781005034
19-12-2027,31.73049897257129
20-12-2027,24.033478867760152
21-12-2027,32.35792541284947
22-12-2027,24.890716262789383
23-12-2027,28.536156869021383
24-12-2027,32.375561821549276
25-12-2027,24.032861857093973
26-12-2027,26.09194493772087
27-12-2027,31.44431712603151
28-12-2027,24.334984180349682
29-12-2027,18.395538587469193
30-12-2027,35.71503527292455
31-12-2027,22.651177678314316
01-01-2028,25.793780254687714
02-01-2028,30.780033347255635
03-01-2028,21.95753048134399
04-01-2028,19.96066043388935
05-01-2028,26.268686483874166
06-01-2028,16.034618010438052
07-01-2028,23.56046962
08-01-2028,26.22519332157703
09-01-2028,23.65024051587418
10-01-2028,17.282745284071265
11-01-2028,32.97088978102006
12-01-2028,25.517690769745876
13-01-2028,32.155760588808704
14-01-2028,23.699818749097776
15-01-2028,20.59994009154618
16-01-2028,26.345904601275798
17-01-2028,23.921064368358902
18-01-2028,19.11119271004321
19-01-2028,32.34892129393748
20-01-2028,21.88864888553002
21-01-2028,15.798668076022157
22-01-2028,31.64083026978666
23-01-2028,22.478509920936883
24-01-2028,21.960880536921877
25-01-2028,16.17306206485013
26-01-2028,33.704707432984954
27-01-2028,18.552597063951563
28-01-2028,25.29224740352825
29-01-2028,29.56310161
30-01-2028,27.108584665015485
31-01-2028,24.70172844003904
01-02-2028,16.49167070856292
02-02-2028,20.95137582116358
03-02-2028,25.93900169021261
04-02-2028,21.06412965006502
05-02-2028,26.01679729999384
06-02-2028,28.408717044075708
07-02-2028,29.812514429000508
08-02-2028,18.869103210936583
09-02-2028,35.98323027489477
10-02-2028,28.837396722770652
11-02-2028,24.99142923165468
12-02-2028,30.447682915383204
13-02-2028,36.82703885999987
14-02-2028,17.806399494715652
15-02-2028,23.87368678754323
16-02-2028,13.107841700633358
17-02-2028,25.963257663240125
18-02-2028,26.826971209625704
19-02-2028,24.80418942
20-02-2028,21.72733214500845
21-02-2028,14.752427419058375
22-02-2028,26.867668417058844
23-02-2028,32.27717241957662
24-02-2028,22.04490772133284
25-02-2028,27.200299645115724
26-02-2028,17.159278432899747
27-02-2028,27.28606531846257
28-02-2028,23.033088511276716
29-02-2028,21.187910246985428
01-03-2028,21.198181793919346
02-03-2028,23.03194208983495
03-03-2028,26.912166578462678
04-03-2028,18.43918399402241
05-03-2028,23.014423342160736
06-03-2028,24.79264111000426
07-03-2028,19.504803877340706
08-03-2028,33.98332600837509
09-03-2028,20.73252259969329
10-03-2028,21.652815431832547
11-03-2028,20.10846025088751
12-03-2028,33.992400435690584
13-03-2028,27.764526142997408
14-03-2028,20.31703996878179
15-03-2028,30.531157794299844
16-03-2028,26.00349347144439
17-03-2028,26.28626710555751
18-03-2028,23.277613956237737
19-03-2028,21.252920065215132
20-03-2028,26.688830495273006
21-03-2028,22.274563850022048
22-03-2028,34.08377814787552
23-03-2028,18.65354447378448
24-03-2028,32.68078386427473
25-03-2028,24.443405756010996
26-03-2028,26.49542867010553
27-03-2028,29.165788833147175
28-03-2028,21.84875352497782
29-03-2028,29.321241923493183
30-03-2028,11.462280723094114
31-03-2028,21.400052333890304
01-04-2028,20.379685963294673
02-04-2028,18.732469938141193
03-04-2028,23.925225809605244
04-04-2028,26.928749840908473
05-04-2028,28.513299992496528
06-04-2028,26.204383786002037
07-04-2028,21.671532675532266
08-04-2028,26.845082189125836
09-04-2028,25.62142847425425
10-04-2028,29.68028083968008
11-04-2028,28.88468351465758
12-04-2028,25.152382069603146
13-04-2028,20.513734969193717
14-04-2028,21.735249220839595
15-04-2028,22.25105320180983
16-04-2028,23.42366833041872
17-04-2028,26.340252137948767
18-04-2028,28.57587195064029
19-04-2028,24.74440653492311
20-04-2028,25.080623939502363
21-04-2028,25.71653152500002
22-04-2028,22.420473434338298
23-04-2028,20.37303871178522
24-04-2028,16.22281051344645
25-04-2028,21.524253209615637
26-04-2028,27.365727266338936
27-04-2028,21.485442809802162
28-04-2028,23.810964812870303
29-04-2028,27.332156437061585
30-04-2028,27.603447482113342
01-05-2028,19.602335739169803
02-05-2028,29.985296782268207
03-05-2028,30.636750446777427
04-05-2028,19.350750713907203
05-05-2028,20.88081565179423
06-05-2028,30.955453415730958
07-05-2028,24.265732393723496
08-05-2028,13.901110262740746
09-05-2028,18.00159247633657
10-05-2028,23.753151874137593
11-05-2028,19.18478674857699
12-05-2028,22.93288114681779
13-05-2028,25.161981068417894
14-05-2028,32.311273020173644
15-05-2028,23.547730418861054
16-05-2028,30.362708997863795
17-05-2028,32.143800810183855
18-05-2028,32.17154834676038
19-05-2028,26.423772966927842
20-05-2028,15.18355426080513
21-05-2028,27.304124327019327
22-05-2028,30.241999439067705
23-05-2028,24.594664472822913
24-05-2028,33.722919350376245
25-05-2028,29.299167807337287
26-05-2028,27.84136688576392
27-05-2028,30.43190355602919
28-05-2028,26.666849256304392
29-05-2028,12.535947503023232
30-05-2028,22.504305242648172
31-05-2028,30.98584013623927
01-06-2028,20.96204329950852
02-06-2028,23.882637473815304
03-06-2028,19.775818430484644
04-06-2028,33.91961297600884
05-06-2028,33.40746228709008
06-06-2028,20.580655524296354
07-06-2028,25.73649000194542
08-06-2028,21.59752976117976
09-06-2028,28.074723195156892
10-06-2028,27.548415386211644
11-06-2028,29.058527858066327
12-06-2028,26.659592238539435
13-06-2028,39.67703103194234
14-06-2028,19.860381174946305
15-06-2028,16.446983227817427
16-06-2028,23.034548996492692
17-06-2028,17.160058672198662
18-06-2028,17.537688649970036
19-06-2028,19.993426729010167
20-06-2028,20.38905547284186
21-06-2028,20.22690949
22-06-2028,27.591094752227058
23-06-2028,22.46905469457332
24-06-2028,24.10242713
25-06-2028,29.471163872504675
26-06-2028,21.16838737609287
27-06-2028,23.67727050647639
28-06-2028,26.828799930464577
29-06-2028,15.292160996898893
30-06-2028,13.075472455247088
01-07-2028,26.730586643988612
02-07-2028,27.460071402834494
03-07-2028,35.321100674262055
04-07-2028,25.79047437933405
05-07-2028,29.098698586290475
06-07-2028,24.02263678207013
07-07-2028,26.486136107925432
08-07-2028,33.33628420874767
09-07-2028,14.380035909371822
10-07-2028,27.06808129
11-07-2028,35.677933650386834
12-07-2028,26.410171096046714
13-07-2028,33.25286481616424
14-07-2028,21.853939252352788
15-07-2028,24.83976252918143
16-07-2028,25.16762351194294
17-07-2028,13.912044603206146
18-07-2028,19.15911086
19-07-2028,19.51562460308007
20-07-2028,29.110330390162638
21-07-2028,29.360765528420274
22-07-2028,26.620182213532665
23-07-2028,29.12051448427853
24-07-2028,24.17925293639113
25-07-2028,31.009658347697716
26-07-2028,25.04394221316036
27-07-2028,25.289320237133783
28-07-2028,23.672036833687944
29-07-2028,28.422252388182137
30-07-2028,22.894005916935434
31-07-2028,29.88215688599034
01-08-2028,19.339254296419966
02-08-2028,19.505418726359032
03-08-2028,28.43713377563252
04-08-2028,24.557278927084937
05-08-2028,22.73054291923436
06-08-2028,29.450288662377297
07-08-2028,21.96369292956958
08-08-2028,23.99899372849815
09-08-2028,31.996139750355795
10-08-2028,32.69571172905325
11-08-2028,32.86199105135164
12-08-2028,23.589371115330444
13-08-2028,31.15351452492235
14-08-2028,20.25523586115661
15-08-2028,20.465485626389693
16-08-2028,13.247720736878195
17-08-2028,33.36434100949265
18-08-2028,20.68010075461961
19-08-2028,24.3673371
20-08-2028,20.44837829035858
21-08-2028,28.47582624
22-08-2028,23.1218317
23-08-2028,18.475915547835253
24-08-2028,27.208312820930303
25-08-2028,17.83134987594886
26-08-2028,20.812971373422542
27-08-2028,14.465554426869595
28-08-2028,17.880209439011967
29-08-2028,25.89264584860239
30-08-2028,15.177319809485377
31-08-2028,17.59427137689142
01-09-2028,24.98815541933596
02-09-2028,22.281965519534737
03-09-2028,34.960183179796545
04-09-2028,34.16948273012188
05-09-2028,20.66038768624423
06-09-2028,27.78568809201741
07-09-2028,28.746412784397258
08-09-2028,22.012605709877985
09-09-2028,17.52229231750898
10-09-2028,24.938507753459714
11-09-2028,24.135771625929447
12-09-2028,22.821177515146903
13-09-2028,27.211584340822426
14-09-2028,21.246351964972007
15-09-2028,19.240012262104287
16-09-2028,25.545414851749157
17-09-2028,26.929850462844378
18-09-2028,19.116775280499734
19-09-2028,29.640453054955405
20-09-2028,16.14759431111961
21-09-2028,22.109432706421785
22-09-2028,23.709957319011956
23-09-2028,21.81888143674035
24-09-2028,22.174697632244037
25-09-2028,34.35537241154057
26-09-2028,20.745579554805506
27-09-2028,37.20610861235957
28-09-2028,27.185633898655258
29-09-2028,25.46027568655996
30-09-2028,27.38120176693833
01-10-2028,37.64963874625976
02-10-2028,20.03203498034276
03-10-2028,19.397910405318054
04-10-2028,21.225669017140394
05-10-2028,25.160715734822805
06-10-2028,16.371144375937135
07-10-2028,25.11169619659304
08-10-2028,33.46773566706836
09-10-2028,25.757036953123887
10-10-2028,23.536572705123614
11-10-2028,21.90919775658186
12-10-2028,29.49255852275782
13-10-2028,20.87083613380976
14-10-2028,34.23197960299624
15-10-2028,34.666798738571785
16-10-2028,26.283753993308938
17-10-2028,24.942424559616775
18-10-2028,30.153299041207795
19-10-2028,30.473992511136625
20-10-2028,20.97004134470292
21-10-2028,22.36722433431649
22-10-2028,18.38826282658352
23-10-2028,27.045324691670285
24-10-2028,28.333139417284453
25-10-2028,18.250371810693636
26-10-2028,22.724005475919206
27-10-2028,18.263730412093253
28-10-2028,20.506000948780812
29-10-2028,27.755085301131498
30-10-2028,21.33258967
31-10-2028,23.49587021983851
01-11-2028,16.863441360263423
02-11-2028,25.934951048623322
03-11-2028,24.778633400776755
04-11-2028,21.35520374983419
05-11-2028,24.05492851158763
06-11-2028,25.901474402517223
07-11-2028,20.92565925545328
08-11-2028,17.618687279991104
09-11-2028,34.027872163434076
10-11-2028,21.833636476448635
11-11-2028,24.516199484065552
12-11-2028,30.054198675101567
13-11-2028,42.64527593785242
14-11-2028,18.777567750555672
15-11-2028,27.24913606863255
16-11-2028,21.46223857352947
17-11-2028,22.306048477116445
18-11-2028,21.39893989496605
19-11-2028,19.371725160997073
20-11-2028,24.793543191076694
21-11-2028,17.627486564758822
22-11-2028,29.734037832559352
23-11-2028,25.275014680166873
24-11-2028,27.11217486
25-11-2028,22.669056940268884
26-11-2028,23.163980328941257
27-11-2028,26.43781952583664
28-11-2028,19.179746837970875
29-11-2028,23.21004782793332
30-11-2028,20.70193243060773
01-12-2028,20.547155947044928
02-12-2028,14.450808796871792
03-12-2028,31.696632947399998
04-12-2028,21.567306234231154
05-12-2028,30.816880275817752
06-12-2028,30.34396160697146
07-12-2028,18.570001467417534
08-12-2028,19.55794382163577
09-12-2028,37.80251479677842
10-12-2028,33.754629709635715
11-12-2028,24.84240743335948
12-12-2028,26.286865532086747
13-12-2028,21.845767985264057
14-12-2028,27.16176357
15-12-2028,21.414090496387644
16-12-2028,14.838231178508076
17-12-2028,18.392221067444744
18-12-2028,25.105463739252937
19-12-2028,19.34466382248706
20-12-2028,24.663612675432326
21-12-2028,19.626694802835686
22-12-2028,21.088230387490032
23-12-2028,29.265826532065958
24-12-2028,26.237402738200522
25-12-2028,24.951677893433263
26-12-2028,29.394819865353256
27-12-2028,27.403042966736738
28-12-2028,32.232816456256835
29-12-2028,22.700703688424298
30-12-2028,22.85182510736246
31-12-2028,18.494453668043274
01-01-2029,22.85509641
02-01-2029,29.82384947151223
03-01-2029,31.49993686131067
04-01-2029,29.80152584043334
05-01-2029,16.02904066725282
06-01-2029,30.415726063303673
07-01-2029,15.807406883639647
08-01-2029,29.490586620611737
09-01-2029,23.161077367144724
10-01-2029,28.51266656966928
11-01-2029,18.33775826052717
12-01-2029,30.855838163530734
13-01-2029,17.675126269475555
14-01-2029,21.657725445734112
15-01-2029,20.009526861154825
16-01-2029,16.228575735887503
17-01-2029,25.47263783794234
18-01-2029,34.03044558918481
19-01-2029,38.33452611160004
20-01-2029,25.485778935431238
21-01-2029,30.58340637533761
22-01-2029,26.160473189642687
23-01-2029,27.494415973841065
24-01-2029,23.289256744363804
25-01-2029,25.975384627113012
26-01-2029,27.687393523032142
27-01-2029,22.107701355618342
28-01-2029,24.61252850053506
29-01-2029,24.70784940501256
30-01-2029,29.132016586652625
31-01-2029,19.669839141861598
01-02-2029,24.742288956961744
02-02-2029,34.560027345263485
03-02-2029,30.820300762929687
04-02-2029,31.745895244443524
05-02-2029,25.12215920089017
06-02-2029,26.604987818430114
07-02-2029,30.011180833514626
08-02-2029,32.80127764765466
09-02-2029,15.241985435585567
10-02-2029,18.42279346475077
11-02-2029,31.54722050701324
12-02-2029,23.61555322115598
13-02-2029,21.641396053709613
14-02-2029,18.72919506502198
15-02-2029,22.224916492279455
16-02-2029,17.988153582880877
17-02-2029,35.45547136366238
18-02-2029,24.887819740097132
19-02-2029,24.710247291186413
20-02-2029,27.940383375839158
21-02-2029,29.81172584633285
22-02-2029,29.729440782773196
23-02-2029,30.36810971953786
24-02-2029,21.84577224604572
25-02-2029,23.510665975215694
26-02-2029,28.84515827721138
27-02-2029,22.36305469
28-02-2029,24.974466839863876
01-03-2029,26.993818822124073
02-03-2029,28.92592541155188
03-03-2029,16.111595188148996
04-03-2029,28.573728249444727
05-03-2029,23.831379710741373
06-03-2029,28.537288554321904
07-03-2029,28.884658461774144
08-03-2029,33.03957530559579
09-03-2029,31.767268238106016
10-03-2029,31.73285831305148
11-03-2029,32.218351595831194
12-03-2029,26.45689492407973
13-03-2029,25.160925435184197
14-03-2029,29.364085415891672
15-03-2029,28.66040475716511
16-03-2029,23.45466882
17-03-2029,27.02411704404134
18-03-2029,24.82451766607703
19-03-2029,20.73033545769972
20-03-2029,31.45230370688175
21-03-2029,25.275996212650448
22-03-2029,35.24354128849426
23-03-2029,16.872538649000838
24-03-2029,22.216106135783168
25-03-2029,25.163194183454358
26-03-2029,30.68690548814457
27-03-2029,26.997346863010925
28-03-2029,26.552363770903757
29-03-2029,19.363681037229263
30-03-2029,19.215293013852644
31-03-2029,26.612523301449524
01-04-2029,18.179470030908206
02-04-2029,22.34061124855336
03-04-2029,27.50458664542929
04-04-2029,20.08837863861612
05-04-2029,33.026779811809035
06-04-2029,31.11968172118945
07-04-2029,17.142900008308498
08-04-2029,20.338143784090065
09-04-2029,13.57111377752525
10-04-2029,21.087043187259333
11-04-2029,28.831942382861996
12-04-2029,22.930525288625716
13-04-2029,27.30398621807984
14-04-2029,17.388328408591278
15-04-2029,28.989876272909527
16-04-2029,22.224453860358253
17-04-2029,25.060848411414526
18-04-2029,24.535627493034735
19-04-2029,18.64225739553858
20-04-2029,19.234578341301088
21-04-2029,29.83897234501713
22-04-2029,26.99496078750848
23-04-2029,30.250245207767133
24-04-2029,26.62329117751259
25-04-2029,25.714953174046084
26-04-2029,16.369946906666165
27-04-2029,23.648166516194152
28-04-2029,24.86307839798128
29-04-2029,34.76553599136287
30-04-2029,28.434783160493385
01-05-2029,32.680305908547645
02-05-2029,27.98768852947364
03-05-2029,21.443483865252603
04-05-2029,25.585621080749256
05-05-2029,26.181118231321165
06-05-2029,20.30422215114659
07-05-2029,23.078063117035395
08-05-2029,23.97116503161414
09-05-2029,33.02809916282559
10-05-2029,14.596297373045108
11-05-2029,31.029092103580215
12-05-2029,20.316023825203086
13-05-2029,18.13960406365193
14-05-2029,30.89971065019232
15-05-2029,28.659490346171907
16-05-2029,31.27259351190595
17-05-2029,29.00350973772788
18-05-2029,35.29922500868701
19-05-2029,27.793619184722427
20-05-2029,24.217613119384207
21-05-2029,26.714631886606714
22-05-2029,31.217345641729818
23-05-2029,21.103123373699415
24-05-2029,21.740557087343095
25-05-2029,23.45519992701046
26-05-2029,14.477086006173339
27-05-2029,25.690392042087733
28-05-2029,15.569356480244869
29-05-2029,25.265296564663096
30-05-2029,29.326448780676248
31-05-2029,22.615617696780824
01-06-2029,33.38557935093436
02-06-2029,17.69749550290756
03-06-2029,30.95630340815916
04-06-2029,28.375685282034603
05-06-2029,16.419833758446554
06-06-2029,38.55397149520266
07-06-2029,24.68127357248017
08-06-2029,20.61257988922184
09-06-2029,17.964564026079916
10-06-2029,23.89990986170163
11-06-2029,24.362965638050202
12-06-2029,25.51322764269832
13-06-2029,23.51101922
14-06-2029,28.166126550575466
15-06-2029,23.061850836683767
16-06-2029,15.325179413797645
17-06-2029,24.253192521751792
18-06-2029,13.162611733133609
19-06-2029,26.76885315445695
20-06-2029,20.103498848586824
21-06-2029,25.81680177
22-06-2029,31.57037490762302
23-06-2029,20.25625652
24-06-2029,30.30628129256059
25-06-2029,22.833052166569235
26-06-2029,33.76597401032792
27-06-2029,23.174236934008935
28-06-2029,20.797535072466545
29-06-2029,28.436192251976443
30-06-2029,22.82105135188182
01-07-2029,20.79275242935496
02-07-2029,22.610800746481043
03-07-2029,24.776967339084994
04-07-2029,31.71090065622427
05-07-2029,15.329561272702115
06-07-2029,25.115403294752102
07-07-2029,28.124517973270216
08-07-2029,25.96724287495898
09-07-2029,31.549325847167673
10-07-2029,24.62827335120738
11-07-2029,24.077242789070276
12-07-2029,27.961647735066716
13-07-2029,25.49656907475675
14-07-2029,23.047956308597644
15-07-2029,27.5807202
16-07-2029,21.737358533916776
17-07-2029,21.944114239903364
18-07-2029,22.360029891171934
19-07-2029,31.765345800832037
20-07-2029,8.894918220071432
21-07-2029,26.97799417381471
22-07-2029,25.17135907100111
23-07-2029,16.595647703809398
24-07-2029,26.548633895680013
25-07-2029,27.37875995915766
26-07-2029,27.94819616
27-07-2029,11.740859684775256
28-07-2029,31.831947059272192
29-07-2029,21.311316476575797
30-07-2029,28.43283873376588
31-07-2029,28.70536890341143
01-08-2029,20.616514571903537
02-08-2029,28.30229976175775
03-08-2029,23.072533795438208
04-08-2029,14.643114103309214
05-08-2029,30.838709627638895
06-08-2029,21.12477518
07-08-2029,20.72753268630973
08-08-2029,22.984670659816388
09-08-2029,26.36118362663694
10-08-2029,24.713647945889488
11-08-2029,27.74033462353585
12-08-2029,18.302553167356706
13-08-2029,21.288068147846328
14-08-2029,24.42001463839233
15-08-2029,34.48943646329353
16-08-2029,24.43093730793121
17-08-2029,30.42611131830816
18-08-2029,25.192775843921588
19-08-2029,22.581706812812158
20-08-2029,23.766377879427797
21-08-2029,24.157901439855593
22-08-2029,28.018228694803692
23-08-2029,31.873056337882772
24-08-2029,26.798404238431605
25-08-2029,30.935388393708777
26-08-2029,20.176051311851573
27-08-2029,22.926847455929845
28-08-2029,21.378487328961665
29-08-2029,26.57222295437426
30-08-2029,23.20520807410293
31-08-2029,28.648864685170977
01-09-2029,20.34499144183779
02-09-2029,25.215154866606408
03-09-2029,28.43428955506128
04-09-2029,14.673486124796948
05-09-2029,35.608156536651016
06-09-2029,23.58424057560062
07-09-2029,14.874800431619136
08-09-2029,25.79046949288393
09-09-2029,25.167217339865754
10-09-2029,24.590528102137537
11-09-2029,29.95595556463333
12-09-2029,28.73722485713528
13-09-2029,26.489380955119227
14-09-2029,27.250778169733238
15-09-2029,24.478207752809567
16-09-2029,33.877454246200244
17-09-2029,17.604019908211168
18-09-2029,25.698258371079483
19-09-2029,25.32512316
20-09-2029,29.066402030322966
21-09-2029,20.78073061
22-09-2029,16.28163698801732
23-09-2029,25.784115080490967
24-09-2029,26.406152461093022
25-09-2029,32.447997047238246
26-09-2029,18.648189768374568
27-09-2029,30.77346883
28-09-2029,36.837071820135606
29-09-2029,23.111175562387615
30-09-2029,18.54528890253388
01-10-2029,22.965128168133145
02-10-2029,25.070024836856902
03-10-2029,27.818939375034574
04-10-2029,22.04302635080976
05-10-2029,32.77599267073671
06-10-2029,19.427338424959693
07-10-2029,16.30397424
08-10-2029,30.533552121436585
09-10-2029,13.626894843969001
10-10-2029,23.97935115563642
11-10-2029,40.588405646040236
12-10-2029,24.939782235200344
13-10-2029,19.39616174651875
14-10-2029,24.713012681066033
15-10-2029,24.74599605690233
16-10-2029,25.803249701765584
17-10-2029,28.31131491
18-10-2029,19.804444158161303
19-10-2029,33.437740276183966
20-10-2029,26.22557142186309
21-10-2029,28.63397023200902
22-10-2029,21.859253001221788
23-10-2029,31.431910684977666
24-10-2029,23.714737955934677
25-10-2029,26.387762567467657
26-10-2029,20.334469614064453
27-10-2029,20.015341867989367
28-10-2029,28.441026532264413
29-10-2029,22.78196584896307
30-10-2029,20.730884562478114
31-10-2029,21.78408328986485
01-11-2029,28.494765358587106
02-11-2029,21.854810693981946
03-11-2029,24.41172534198918
04-11-2029,25.075138751435485
05-11-2029,15.413255569948506
06-11-2029,17.64436797313241
07-11-2029,26.681389446237812
08-11-2029,21.314853194236512
09-11-2029,30.283624556402092
10-11-2029,29.834035521252723
11-11-2029,28.595843331777186
12-11-2029,34.09885893656299
13-11-2029,24.584553361284083
14-11-2029,28.244409629519197
15-11-2029,22.077995117019846
16-11-2029,37.26184956434362
17-11-2029,34.918168262180096
18-11-2029,25.05940217258896
19-11-2029,26.93293114952596
20-11-2029,31.796487996824027
21-11-2029,24.264302475929465
22-11-2029,21.716879646001477
23-11-2029,29.369948755034414
24-11-2029,25.39219623041835
25-11-2029,25.914972248226302
26-11-2029,20.828643284660174
27-11-2029,16.41163925818302
28-11-2029,26.180712049395506
29-11-2029,29.52481021
30-11-2029,23.87096625461979
01-12-2029,32.182147597794334
02-12-2029,21.480418372922276
03-12-2029,19.72647773
04-12-2029,24.663848464019345
05-12-2029,24.587037123243547
06-12-2029,28.849843656676114
07-12-2029,21.125185879680075
08-12-2029,31.840471184074488
09-12-2029,34.834584812541266
10-12-2029,24.80427986515829
11-12-2029,31.248552100921593
12-12-2029,19.71751465
13-12-2029,30.37610770590958
14-12-2029,30.236382042797313
15-12-2029,29.317186400949392
16-12-2029,24.92218455564853
17-12-2029,10.228755293789844
18-12-2029,21.791364281739355
19-12-2029,21.870419911576988
20-12-2029,20.10872530969761
21-12-2029,25.61121502273533
22-12-2029,22.905182772393825
23-12-2029,20.87693995117489
24-12-2029,19.70599926
25-12-2029,21.422435072573855
26-12-2029,30.60749605924964
27-12-2029,21.69487472686253
28-12-2029,22.425306467833636
29-12-2029,22.71651192488377
30-12-2029,26.694967569047098
31-12-2029,27.281247442642663
01-01-2030,9.776717304
02-01-2030,30.10817606913804
03-01-2030,32.18184017121877
04-01-2030,19.749067313191652
05-01-2030,20.13850877632583
06-01-2030,22.74873306110864
07-01-2030,21.219979902716975
08-01-2030,26.11963436973303
09-01-2030,15.267373568205679
10-01-2030,19.41036196
11-01-2030,32.69598600087454
12-01-2030,20.35890016325991
13-01-2030,31.217141390514627
14-01-2030,26.776690977950686
15-01-2030,15.953661427058709
16-01-2030,28.17664597608103
17-01-2030,24.411663489035732
18-01-2030,22.722664718751297
19-01-2030,26.22478546586002
20-01-2030,27.373167427833963
21-01-2030,28.53795911
22-01-2030,30.89126423774001
23-01-2030,27.040679563891782
24-01-2030,18.121829556068192
25-01-2030,22.631772711744045
26-01-2030,39.715241676343105
27-01-2030,28.622455301908637
28-01-2030,36.846436504057486
29-01-2030,31.977170410995924
30-01-2030,26.209010357778745
31-01-2030,26.50703534890559
01-02-2030,24.81709980061577
02-02-2030,16.31097692
03-02-2030,25.090236262341122
04-02-2030,31.053372762710985
05-02-2030,22.00180002589398
06-02-2030,27.05976499530905
07-02-2030,29.257955229465985
08-02-2030,20.451597803437622
09-02-2030,22.743485678281676
10-02-2030,19.910442547614203
11-02-2030,20.889171966552965
12-02-2030,18.561973581734694
13-02-2030,20.497757693109868
14-02-2030,32.09727840398919
15-02-2030,20.422614854548538
16-02-2030,25.63229609530345
17-02-2030,22.485656231645223
18-02-2030,30.894329685184694
19-02-2030,31.555811483018083
20-02-2030,29.320349910694734
21-02-2030,26.530672765513778
22-02-2030,23.84470231579551
23-02-2030,19.040626479043752
24-02-2030,34.71764440561098
25-02-2030,21.20163491123723
26-02-2030,28.318231735164208
27-02-2030,30.297827863116986
28-02-2030,22.22359751547335
01-03-2030,30.19006263657981
02-03-2030,28.821066016694278
03-03-2030,33.63981917690883
04-03-2030,22.653267667866444
05-03-2030,18.570679913601424
06-03-2030,22.472551222777444
07-03-2030,26.044267712671658
08-03-2030,25.29106363542528
09-03-2030,23.032810518627247
10-03-2030,15.454012705113785
11-03-2030,27.352414980645534
12-03-2030,34.8617224
13-03-2030,27.321256190615017
14-03-2030,28.04567759526757
15-03-2030,27.86222653077551
16-03-2030,26.98523335
17-03-2030,29.658329834340474
18-03-2030,26.97686840592833
19-03-2030,23.43661415173362
20-03-2030,21.02005544995623
21-03-2030,23.755131723596623
22-03-2030,26.570647482253328
23-03-2030,23.41958519438513
24-03-2030,26.57169341565715
25-03-2030,27.195750668502086
26-03-2030,29.16589715635091
27-03-2030,31.413974844194904
28-03-2030,25.390037092394287
29-03-2030,18.461117174261695
30-03-2030,23.274479515904048
31-03-2030,25.220312837032996
01-04-2030,15.821156219114549
02-04-2030,31.94332260051241
03-04-2030,25.711889562552333
04-04-2030,26.906764172901426
05-04-2030,31.82763231263133
06-04-2030,21.849285849288265
07-04-2030,27.87020965442015
08-04-2030,24.45067938449032
09-04-2030,24.079565664920402
10-04-2030,21.139038060978102
11-04-2030,33.32801606843264
12-04-2030,23.122499799622144
13-04-2030,28.49732123447851
14-04-2030,15.624963062640319
15-04-2030,30.899942648448935
16-04-2030,30.261055779785295
17-04-2030,25.487170551486514
18-04-2030,23.865287669310376
19-04-2030,27.00000002806783
20-04-2030,36.44395330440145
21-04-2030,16.183816505482575
22-04-2030,28.91013693787064
23-04-2030,20.441913489230487
24-04-2030,24.900408018501345
25-04-2030,23.760599404606683
26-04-2030,22.858408711011222
27-04-2030,24.947674354736353
28-04-2030,19.32914427361105
29-04-2030,30.145902180639837
30-04-2030,16.02928244
01-05-2030,27.69882256414171
02-05-2030,23.367320737327145
03-05-2030,19.14537553096273
04-05-2030,26.011916852993476
05-05-2030,17.21524456646761
06-05-2030,25.198569108598175
07-05-2030,17.885615460942226
08-05-2030,27.306360421589154
09-05-2030,20.378213331848123
10-05-2030,22.745029914853454
11-05-2030,26.46974693971581
12-05-2030,21.13728944078882
13-05-2030,24.710180001658486
14-05-2030,17.43084749377573
15-05-2030,28.15437801798078
16-05-2030,33.82456902775385
17-05-2030,38.96104433954981
18-05-2030,25.455840733332195
19-05-2030,28.941020703985934
20-05-2030,16.096871635462556
21-05-2030,32.51367163152794
22-05-2030,28.881142523620532
23-05-2030,22.580332775243836
24-05-2030,31.185904001445046
25-05-2030,23.727619616773293
26-05-2030,22.70987408492722
27-05-2030,27.376674627137458
28-05-2030,19.683227500848407
29-05-2030,30.10812382199974
30-05-2030,19.720050940365784
31-05-2030,19.74972605088407
01-06-2030,20.451551057958326
02-06-2030,28.79750018758061
03-06-2030,21.91612319240146
04-06-2030,18.260021078164158
05-06-2030,21.97160000032101
06-06-2030,24.839788146597567
07-06-2030,19.095137581678074
08-06-2030,19.24159445482828
09-06-2030,35.556481670497924
10-06-2030,20.697172980930567
11-06-2030,23.384788156134967
12-06-2030,23.16381499600357
13-06-2030,22.893215961147792
14-06-2030,28.106733699845513
15-06-2030,29.740714752360248
16-06-2030,23.47022784234204
17-06-2030,18.817608567038256
18-06-2030,31.372201139244517
19-06-2030,24.523294544016586
20-06-2030,33.651609074285844
21-06-2030,13.772070512174185
22-06-2030,25.977016106416603
23-06-2030,34.59303166938104
24-06-2030,23.23367932280921
25-06-2030,23.87253288332682
26-06-2030,26.477558457951694
27-06-2030,22.206020905575215
28-06-2030,23.439640339736336
29-06-2030,23.310924529042985
30-06-2030,21.862896327868135
01-07-2030,31.144282751002798
02-07-2030,27.305390161482176
03-07-2030,26.25314116051651
04-07-2030,29.042855034450582
05-07-2030,23.678220833982664
06-07-2030,21.128980908235498
07-07-2030,21.986878476927213
08-07-2030,25.008915205523046
09-07-2030,19.70394145813549
10-07-2030,22.498694917066622
11-07-2030,22.419416790642828
12-07-2030,35.62278114914507
13-07-2030,11.130925300330416
14-07-2030,24.101901392971833
15-07-2030,33.62846896407385
16-07-2030,25.60922232066227
17-07-2030,28.767087367105464
18-07-2030,25.49913157549884
19-07-2030,21.663333093917597
20-07-2030,13.790420327455434
21-07-2030,26.027278435181515
22-07-2030,21.121966976988045
23-07-2030,20.99832296917348
24-07-2030,22.50506372010444
25-07-2030,33.72430703311747
26-07-2030,37.02418771126986
27-07-2030,26.086039687642003
28-07-2030,22.67616388044136
29-07-2030,19.11386791274395
30-07-2030,27.342700807730346
31-07-2030,33.91452800032572
01-08-2030,23.763298064874217
02-08-2030,13.10501979623388
03-08-2030,28.350248359077618
04-08-2030,29.926998557250247
05-08-2030,17.070771798070762
06-08-2030,25.882420918314764
07-08-2030,27.256130080680492
08-08-2030,24.63446348995531
09-08-2030,21.04614540457323
10-08-2030,30.07968611781778
11-08-2030,22.983101270156588
12-08-2030,17.57406918650034
13-08-2030,14.752627571651596
14-08-2030,31.30424759999655
15-08-2030,28.083319882355593
16-08-2030,25.439867735645844
17-08-2030,22.798626815745983
18-08-2030,22.355007928984364
19-08-2030,19.621316757791945
20-08-2030,22.842721777200577
21-08-2030,14.399563924399128
22-08-2030,21.31968173265743
23-08-2030,23.44531241824453
24-08-2030,28.049400235952096
25-08-2030,24.80036768313318
26-08-2030,28.974615569377796
27-08-2030,31.745675525567147
28-08-2030,30.290850469120507
29-08-2030,27.352549236892784
30-08-2030,25.05931339590392
31-08-2030,20.096059957932205
01-09-2030,28.699720256896583
02-09-2030,33.39873691110765
03-09-2030,26.71053019825209
04-09-2030,34.586295742130616
05-09-2030,17.372141459694582
06-09-2030,19.229183076102295
07-09-2030,29.27600753874131
08-09-2030,26.321451050766257
09-09-2030,31.568910882859036
10-09-2030,24.922641796366303
11-09-2030,20.66012288735834
12-09-2030,23.93203378897479
13-09-2030,17.33658014538133
14-09-2030,19.357046634514827
15-09-2030,29.862219989590052
16-09-2030,29.36393707234805
17-09-2030,26.815021424030384
18-09-2030,16.394612395197655
19-09-2030,23.207982122435556
20-09-2030,18.875000556699746
21-09-2030,30.882666268938827
22-09-2030,22.081389332186994
23-09-2030,19.57126144609225
24-09-2030,25.148980825607122
25-09-2030,21.79922771582694
26-09-2030,32.41871955101853
27-09-2030,21.325945512329046
28-09-2030,18.003858703876844
29-09-2030,14.235432421212423
30-09-2030,24.846067487932924
01-10-2030,22.19034943071037
02-10-2030,17.855476967441366
03-10-2030,30.946132306278926
04-10-2030,28.336225737146208
05-10-2030,24.858910605313852
06-10-2030,31.821631220854332
07-10-2030,28.312680166993065
08-10-2030,20.885720492407838
09-10-2030,19.80389918004617
10-10-2030,29.089907722269306
11-10-2030,26.981834782336755
12-10-2030,25.848738839853308
13-10-2030,20.767510985655463
14-10-2030,28.03973783502877
15-10-2030,21.222505584330253
16-10-2030,24.49006672703161
17-10-2030,32.23472073
18-10-2030,21.69582882094927
19-10-2030,17.135053714635696
20-10-2030,19.73726404064945
21-10-2030,29.971494133438117
22-10-2030,26.273655686901048
23-10-2030,24.35561310655623
24-10-2030,22.454530973442154
25-10-2030,27.42679953776595
26-10-2030,20.754475745048882
27-10-2030,26.52832784321298
28-10-2030,21.343727155935216
29-10-2030,20.51170307362473
30-10-2030,21.81256282587494
31-10-2030,23.12296276758019
01-11-2030,24.755850820331485
02-11-2030,26.177278975555573
03-11-2030,6.558173543
04-11-2030,20.961747211266175
05-11-2030,23.042150113219805
06-11-2030,32.52531019304165
07-11-2030,19.59998695808934
08-11-2030,25.813983090499562
09-11-2030,32.475151548679186
10-11-2030,18.435157350263637
11-11-2030,26.96987612932201
12-11-2030,20.988640830327398
13-11-2030,22.47683128855383
14-11-2030,20.984445830233426
15-11-2030,21.34071345792057
16-11-2030,38.60956073953247
17-11-2030,29.22227936035833
18-11-2030,30.508689308931046
19-11-2030,27.45996743418248
20-11-2030,16.96871605799021
21-11-2030,26.974789851616535
22-11-2030,30.36464807253673
23-11-2030,20.733002629804442
24-11-2030,29.82663333580563
25-11-2030,28.521681049270395
26-11-2030,34.26020022406835
27-11-2030,22.911084937431905
28-11-2030,19.511945088621367
29-11-2030,23.191859453137273
30-11-2030,32.17785496581811
01-12-2030,15.857970595790185
02-12-2030,14.65812142284484
03-12-2030,25.446976394658066
04-12-2030,22.78705353612922
05-12-2030,25.038639465878422
06-12-2030,29.726558856179324
07-12-2030,22.237153269405738
08-12-2030,15.634970845346897
09-12-2030,35.22240778599972
10-12-2030,20.01385856280612
11-12-2030,19.704814389939514
12-12-2030,30.518600068612983
13-12-2030,23.07755439479241
14-12-2030,24.683050739825948
15-12-2030,27.41395062030159
16-12-2030,30.41791551554998
17-12-2030,23.33269653409114
18-12-2030,32.59976003
19-12-2030,14.321000756325972
20-12-2030,28.798936184765385
21-12-2030,20.802362209911713
22-12-2030,31.861356583039957
23-12-2030,25.710222394152726
24-12-2030,21.63547333995299
25-12-2030,28.314205465108163
26-12-2030,29.465941736036257
27-12-2030,28.209470614293192
28-12-2030,19.851518801834697
29-12-2030,22.579914381889576
30-12-2030,24.979635814392825
31-12-2030,24.793701736749696
01-01-2031,28.748727377191738
02-01-2031,14.92549383746696
03-01-2031,26.671635272767517
04-01-2031,23.550093227816802
05-01-2031,20.80749691808024
06-01-2031,21.287566111152003
07-01-2031,23.92731167741018
08-01-2031,6.994574477702411
09-01-2031,21.49355214604225
10-01-2031,20.62092587676853
11-01-2031,27.66391604661312
12-01-2031,20.972366587447397
13-01-2031,23.92443099914755
14-01-2031,32.71138313830651
15-01-2031,29.971757599077115
16-01-2031,29.511356999717265
17-01-2031,22.50063784794574
18-01-2031,27.715161396448263
19-01-2031,23.83051099773203
20-01-2031,24.01953394661531
21-01-2031,27.04842671873275
22-01-2031,22.01503205789534
23-01-2031,32.46501552221602
24-01-2031,24.199349302010315
25-01-2031,28.091802831298324
26-01-2031,32.27800239628649
27-01-2031,30.158268872875876
28-01-2031,17.955404486547376
29-01-2031,27.22447947504942
30-01-2031,29.253596972303235
31-01-2031,29.459315110803743
01-02-2031,19.433525829426845
02-02-2031,21.71482381491338
03-02-2031,29.972791178708107
04-02-2031,21.19119814658677
05-02-2031,23.50151971667843
06-02-2031,32.87937904750984
07-02-2031,24.76100374807605
08-02-2031,21.366129310830786
09-02-2031,20.611913215685476
10-02-2031,26.66359664792594
11-02-2031,18.334259957613956
12-02-2031,23.76332018051791
13-02-2031,26.66615267495011
14-02-2031,31.495749102738337
15-02-2031,28.337740401849977
16-02-2031,21.429674410089106
17-02-2031,30.89209659
18-02-2031,23.50242481226261
19-02-2031,18.821484889752956
20-02-2031,24.13979320367264
21-02-2031,32.19084600572851
22-02-2031,25.826200250324625
23-02-2031,25.06260932164893
24-02-2031,33.186058223514266
25-02-2031,17.843225764727865
26-02-2031,18.57200442973614
27-02-2031,16.92076764516584
28-02-2031,26.863240932400274
01-03-2031,25.832465635575623
02-03-2031,32.71368183639888
03-03-2031,26.21737538568385
04-03-2031,22.979214202603487
05-03-2031,25.008974364390536
06-03-2031,25.58853709230479
07-03-2031,16.641193633359165
08-03-2031,38.551658221674465
09-03-2031,27.599355090509558
10-03-2031,26.050041540112947
11-03-2031,28.075819921392903
12-03-2031,28.547054902933024
13-03-2031,24.297232572487843
14-03-2031,21.843794318796498
15-03-2031,27.99725343160852
16-03-2031,26.928554202657264
17-03-2031,20.95054950455296
18-03-2031,32.09517805683632
19-03-2031,26.466760181614916
20-03-2031,28.649096811338154
21-03-2031,31.959604438399595
22-03-2031,25.109444105824174
23-03-2031,26.584760034920578
24-03-2031,29.05013619253058
25-03-2031,21.37569458099974
26-03-2031,25.270258314230006
27-03-2031,25.627742933255742
28-03-2031,20.219707241583027
29-03-2031,36.588183943369394
30-03-2031,17.96353278253799
31-03-2031,18.50948048156421
01-04-2031,31.571132878517894
02-04-2031,28.56633125398271
03-04-2031,19.87017591259611
04-04-2031,28.036445075508464
05-04-2031,32.33925222498655
06-04-2031,24.84868471201507
07-04-2031,37.99411450037291
08-04-2031,16.379690945659824
09-04-2031,28.46911726929551
10-04-2031,30.832641681105017
11-04-2031,29.456719508026232
12-04-2031,23.97822136677176
13-04-2031,23.547792589944255
14-04-2031,27.220725855436285
15-04-2031,29.078772433260347
16-04-2031,28.01236718141182
17-04-2031,30.200289453966946
18-04-2031,19.905650214666323
19-04-2031,23.861145104381826
20-04-2031,20.29992033938123
21-04-2031,23.069436119569293
22-04-2031,30.076104459071527
23-04-2031,25.539919603626146
24-04-2031,38.03429581574885
25-04-2031,25.967031835948585
26-04-2031,25.298459402898683
27-04-2031,25.530914597201082
28-04-2031,21.81095653570032
29-04-2031,24.710816938112032
30-04-2031,30.63894013555823
01-05-2031,25.56985334063886
02-05-2031,21.03270135058264
03-05-2031,20.374576897606822
04-05-2031,22.748990541670782
05-05-2031,25.36931717
06-05-2031,30.96793267738131
07-05-2031,18.297556793167814
08-05-2031,23.40086861055622
09-05-2031,25.721550097175395
10-05-2031,15.831471161852827
11-05-2031,20.83200858516797
12-05-2031,21.600557301319068
13-05-2031,21.020148130747508
14-05-2031,25.959447725108237
15-05-2031,24.197201952491014
16-05-2031,22.22356948699482
17-05-2031,27.139813132763173
18-05-2031,33.61537358823125
19-05-2031,33.196282583708765
20-05-2031,15.386141139688318
21-05-2031,27.885360919175696
22-05-2031,24.10988354968081
23-05-2031,25.77577671432678
24-05-2031,23.00858483228726
25-05-2031,25.58794314943601
26-05-2031,25.757036980360095
27-05-2031,22.105241213255383
28-05-2031,20.518162260874096
29-05-2031,22.75652158690258
30-05-2031,26.171296322283826
31-05-2031,27.99498170842132
01-06-2031,29.266744886700735
02-06-2031,22.529049884665437
03-06-2031,26.419222836513683
04-06-2031,29.812512959766494
05-06-2031,30.82797447572064
06-06-2031,24.70583572934239
07-06-2031,23.895341375301935
08-06-2031,25.95562116918196
09-06-2031,19.251462635512972
10-06-2031,24.03195244482246
11-06-2031,28.72293199236565
12-06-2031,28.209735647218505
13-06-2031,23.648661978180556
14-06-2031,26.088591005435834
15-06-2031,20.876748298546563
16-06-2031,28.517460741125124
17-06-2031,24.610892819317634
18-06-2031,23.62024274151931
19-06-2031,23.191380819533066
20-06-2031,24.68553066550071
21-06-2031,22.76061177534021
22-06-2031,28.290715180012818
23-06-2031,23.023582259919095
24-06-2031,32.96482048013691
25-06-2031,32.32605251740691
26-06-2031,20.542282550727478
27-06-2031,25.348521347146402
28-06-2031,21.746716893319025
29-06-2031,23.36676218405694
30-06-2031,35.01213733822399
01-07-2031,23.462142914421005
02-07-2031,26.801130185387144
03-07-2031,27.706606470041393
04-07-2031,19.99685314
05-07-2031,20.724522627953974
06-07-2031,18.969888142959405
07-07-2031,20.570146330511115
08-07-2031,10.74984945341409
09-07-2031,27.72291200396814
10-07-2031,35.27096920628035
11-07-2031,25.739103695182635
12-07-2031,17.918655703296963
13-07-2031,21.78611808550026
14-07-2031,22.705615774875014
15-07-2031,19.91207611393312
16-07-2031,29.300913191975784
17-07-2031,29.05130022187667
18-07-2031,19.222741030911703
19-07-2031,28.62540522223754
20-07-2031,32.63406331788633
21-07-2031,34.512791026147795
22-07-2031,39.32606011542981
23-07-2031,20.490036752784015
24-07-2031,39.121102131976016
25-07-2031,23.228968057456058
26-07-2031,22.03767272309743
27-07-2031,26.635361874389226
28-07-2031,22.08969332953494
29-07-2031,26.99522070323263
30-07-2031,18.399614061313493
31-07-2031,23.80623698968283
01-08-2031,31.427911171808397
02-08-2031,24.71469354284422
03-08-2031,25.707978933699415
04-08-2031,27.37629302358656
05-08-2031,30.85330815
06-08-2031,16.723876439052837
07-08-2031,27.922620259187173
08-08-2031,23.659304303791185
09-08-2031,25.83318947655919
10-08-2031,30.299750848811883
11-08-2031,19.029066742940778
12-08-2031,19.936777792784554
13-08-2031,15.322850201430969
14-08-2031,22.25420529118112
15-08-2031,31.652161721894082
16-08-2031,24.39706405763265
17-08-2031,18.29937552172607
18-08-2031,22.571606277124765
19-08-2031,17.560691482546886
20-08-2031,19.37406949134419
21-08-2031,26.944094551318567
22-08-2031,19.130633368469855
23-08-2031,30.56317152601651
24-08-2031,24.64439854584832
25-08-2031,25.427973519722627
26-08-2031,23.60813516196053
27-08-2031,28.864239192718614
28-08-2031,28.915799438885053
29-08-2031,26.675271759560857
30-08-2031,27.82394552953824
31-08-2031,23.93955165039787
01-09-2031,27.71101503454524
02-09-2031,23.310611122630966
03-09-2031,25.01115811081201
04-09-2031,23.626781253168513
05-09-2031,22.71390730340402
06-09-2031,21.55444101139105
07-09-2031,27.338450519294426
08-09-2031,31.553029564067316
09-09-2031,30.855509858347798
10-09-2031,18.717173320272824
11-09-2031,31.446015257034368
12-09-2031,23.409207491910355
13-09-2031,28.00366507572796
14-09-2031,20.468923339763947
15-09-2031,25.709899569370027
16-09-2031,26.568615914484536
17-09-2031,17.576976040401735
18-09-2031,28.041335831720946
19-09-2031,31.729675039191577
20-09-2031,24.12676027159186
21-09-2031,31.800840654140064
22-09-2031,24.051532532737962
23-09-2031,29.247922655233086
24-09-2031,13.907150170244503
25-09-2031,37.09388889656732
26-09-2031,32.47729122621479
27-09-2031,23.576872478731605
28-09-2031,15.13955486678091
29-09-2031,26.440141841527446
30-09-2031,17.780372264631215
01-10-2031,27.22426768778744
02-10-2031,27.05782859582141
03-10-2031,20.292984154989874
04-10-2031,30.60483511807189
05-10-2031,29.027873514030865
06-10-2031,29.879116686442817
07-10-2031,25.044288518344477
08-10-2031,17.922379665431468
09-10-2031,29.889361361055688
10-10-2031,23.648143004321042
11-10-2031,18.051099284036653
12-10-2031,31.76019682987163
13-10-2031,35.49703760251255
14-10-2031,24.793759355103983
15-10-2031,35.79560577301646
16-10-2031,25.45657364305675
17-10-2031,23.097720479168245
18-10-2031,21.847707729072614
19-10-2031,33.18541203996371
20-10-2031,21.099280593061142
21-10-2031,28.676346549874935
22-10-2031,22.204180824703958
23-10-2031,22.698466187128183
24-10-2031,30.151248469847836
25-10-2031,23.09981576855323
26-10-2031,22.976023102898534
27-10-2031,30.664023485874036
28-10-2031,32.986986466108114
29-10-2031,28.223449016421167
30-10-2031,21.726151121880253
31-10-2031,22.446957503512103
01-11-2031,25.399576318700188
02-11-2031,26.604650309628287
03-11-2031,20.060670449301142
04-11-2031,28.615189697899318
05-11-2031,25.427566648197995
06-11-2031,16.421458406809354
07-11-2031,20.35536758769635
08-11-2031,22.47935663174168
09-11-2031,24.635711555794725
10-11-2031,34.44639397751998
11-11-2031,26.19085653069814
12-11-2031,20.796140550506877
13-11-2031,26.103154021535815
14-11-2031,23.239561262730597
15-11-2031,26.62379119766771
16-11-2031,27.902838435178076
17-11-2031,31.04615323611969
18-11-2031,24.87856752164987
19-11-2031,33.19480263799917
20-11-2031,29.54011331268096
21-11-2031,21.46280227593906
22-11-2031,36.04927832874232
23-11-2031,26.634972566350488
24-11-2031,20.824377480138825
25-11-2031,33.26456525615211
26-11-2031,35.38888792599222
